"","tempMin.s","tempMax.s","tempMean.s","tempCV.s","precMin.s","precMax.s","precAnn.s","precCV.s","aetMin.s","aetMax.s","aetAnn.s","aetCV.s","petMin.s","petMax.s","petAnn.s","petCV.s","ro_mean.s","npp_mn.s","npp_sd.s","npp_cv.s","SolRad_mn.s","SolRad_cv.s","basin"
"Abuna",0.0504910628167189,0.295710307369999,0.205968241659901,0.134745675551406,-0.488923101822208,-0.361210777436491,-0.418501872902214,0.365438461408338,-0.461553720589048,0.329278200802324,-0.221700487699101,0.556332575683224,0.175812872886499,0.248857990120142,0.303234444882057,0.0984172219062959,-0.403365588562221,-0.720647717490807,-0.393382415655494,-0.332849159706834,-0.271469288109092,-0.10862681250517,"Abuna"
"Amazon1",0.446283761981326,0.22187364932181,0.310356752949067,-0.130243451607106,-0.11876090394317,0.291596819917062,0.24869744488378,-0.0100258534141492,-0.0291552387361809,-0.183396624881501,0.0919415913645158,-0.169871661023328,0.14847084942546,-0.0500237096142368,-0.138630139781485,-0.207386281229082,0.0392647991217096,0.243617745295741,-0.124342416124212,-0.181668226318046,0.382000466614109,-0.44604569852853,"Amazon1"
"Amazon2",0.379121977603411,0.129575144723496,0.225192191383308,-0.00874922893595936,-0.335551344695642,-0.0326231640100644,-0.367124793499278,0.373700853591658,-0.538948191506272,-0.332517831930269,-0.425937586736968,0.372943530625394,0.00346486575988096,-0.127952689720604,-0.259618639818964,-0.117848736866417,-0.216565211789013,0.135953905598559,-0.205983483328025,-0.238485004093289,0.374804909506946,-0.411187894127315,"Amazon2"
"Amazon5",0.472731683430022,0.288419583247356,0.353453888662811,-0.0443671948840296,-0.244664019713713,0.235358065823169,-0.105918364812074,0.304093340980498,-0.338125356257495,-0.238520363679264,-0.24798735106063,0.0726868523628769,0.0813278579402777,0.0572940631323738,-0.155099754839974,-0.0184292438627227,0.222376816110641,-0.168228209922124,-0.254997190842987,-0.245890441103417,0.365863173696557,-0.417358358082123,"Amazon5"
"Amazon8",0.444197478297998,0.173391895095948,0.325186975249362,-0.238423560707658,0.143510894177045,0.218058877375281,0.106228877221973,-0.094391348984705,0.275043373140877,-0.304548030295659,0.0819035719639278,-0.468656582944362,0.114102568611435,-0.265188445545612,-0.278752939283387,-0.279894844389097,0.154605515070078,0.0809660942453803,-0.346813820119529,-0.359230602171582,0.353511522416781,-0.387685197598216,"Amazon8"
"Amazon9",0.475575153996557,0.185028614686471,0.353592049868796,-0.235192570643217,0.143059894709553,-0.116621568800354,0.0451998803800375,-0.224062521841953,0.390629829896623,-0.295338970551992,0.100824631455588,-0.504716462861588,0.0623600530825298,-0.385083666312173,-0.31989476149256,-0.339002456497376,0.21670873200482,0.124493338817768,-0.40628910436644,-0.415360924804118,0.347891516734795,-0.410193910864336,"Amazon9"
"Andira1",0.433519077177577,0.242141751834358,0.342222446991274,-0.186891973087119,0.058410044256085,0.145956297734799,0.0646489242402169,-0.0116671437800097,0.0933363241502247,-0.259249985714871,0.0438499836551007,-0.339834060005902,0.166561853680258,-0.0392550239829778,-0.157965697722023,-0.135952010106106,0.272240697958734,0.0886774310806463,-0.292246768669534,-0.310531689210308,0.3272055224045,-0.352955346935603,"Andira1"
"Apaporis",0.287213823468661,0.0407816738244481,0.186245526251222,0.00463865454809298,0.48445699174475,0.2122081892669,0.623251587855174,-0.531522785473477,0.561063890768821,-0.117544384826331,0.400100631678086,-0.580070861240086,-0.258112814543686,-0.260419903186993,-0.252210665224521,-0.244162941203309,0.884702496214848,0.516127656971598,-0.266562979930089,-0.325130049072394,0.366630697144606,-0.354615836590167,"Apaporis"
"Apurimac1",-2.40195456988824,-2.33316331115696,-2.59524630415361,0.904333123920869,-0.607095012729991,-1.27345870973899,-1.36454729892873,1.08318169405312,-1.00304525377141,-1.71938758613715,-1.76774492388143,0.732817882828223,-1.80969453395885,-1.29911708045028,-1.90117521987989,1.01751561216086,-0.925393774053293,-1.0640973590481,0.86589971437808,1.86615901112957,-0.862889094522888,0.256770054177868,"Apurimac1"
"Arinos",-0.329063220087967,0.391644794399887,0.0326398664627853,0.312746967838607,-0.637206429498962,0.25132035369966,-0.238679889885335,0.767177406781064,-0.754466311170869,0.781272623886052,-0.157610574487146,1.0821442980668,0.664457539786199,0.929710748655839,0.957922848663293,0.0238687378690613,-0.344278657112951,-1.1936976674417,-0.289379818556732,-0.051778621083903,-0.595754904234247,0.706144200836489,"Arinos"
"Aripuana",-0.164677447467038,0.321542225899242,0.0560707210581348,-0.187969427839752,-0.527242548279732,0.347674438235778,-0.0411873779857381,0.509110779796929,-0.439246443831171,0.279806031912808,-0.135409452938189,0.487884974800487,0.498681974292981,0.357089210686466,0.425088822573825,-0.016552382812581,0.580933087640002,-0.159347836753253,0.23124930758736,0.24133973996293,-0.116320250353512,0.584256023752231,"Aripuana"
"Bacaja",0.086214413858989,-0.00504509331088871,0.0396629152140584,-0.333980132057821,-0.447227785431667,0.118934747668132,-0.289730566862663,0.564515559865067,-0.471273637953709,-0.0116209293542862,-0.38609419881031,0.520955219282019,0.509432497004201,0.0413762416180959,0.159592923909245,-0.429101616782602,-0.188731164987857,0.349869147270587,-0.388814661493811,-0.41162116909714,0.254850080909853,-0.250478452552347,"Bacaja"
"Beni",-0.706968909452482,-0.568428687033983,-0.663584598435984,0.831706590118797,-0.360985678525344,-0.57181196325072,-0.733196718208654,0.409324067466091,-0.455483653450993,-0.389692214228708,-0.666839765335992,0.444190991021793,-0.954506699265495,-0.136029603827607,-0.506092013934677,0.978430261380552,-0.516495545245508,0.205999716294053,1.54226718078027,1.25989593581148,-1.00312400152299,1.50088528843142,"Beni"
"Blanco_Baures",-0.330410712958613,0.257301759776898,-0.0146486299485528,1.01036353479075,-0.501419948510261,-0.829215732862539,-0.888588598927315,0.479803064989651,-0.689808093634679,-0.0402485431646174,-0.751062382078455,0.888928253183488,-0.225691967533495,0.937370635407911,0.606071627796077,1.0442856697755,-0.79020707139149,-1.12226993018858,-0.239305331684615,0.00929684340540153,-1.00461004486904,0.635614376253527,"Blanco_Baures"
"Branco",0.249805733891115,0.0441111379127387,0.172351913597448,-0.208885424317488,-0.135467666887781,0.0450311347003535,-0.393627771713256,0.374886240210474,-0.374860600496459,0.0465179489551753,-0.322777517366898,0.318077095388883,0.421362418217949,-0.162235699346328,0.145140953485018,-0.641657428166762,-0.218520237135179,0.062803867894483,0.760941748994986,0.653085296951038,0.287923440799801,-0.108398987940595,"Branco"
"Candeias",-0.0398311130251335,0.249477953091605,0.0896818248848607,-0.0937826355970202,-0.492074357219922,0.395605232041342,0.0294804366055475,0.423934052508829,-0.312526090414591,0.518540598091836,-0.0294676280488298,0.405462360559887,0.310517527503769,0.227792744493104,0.295054406921946,0.0841697296589071,0.0691542005805787,-0.433731551545934,-0.363134711748213,-0.329229367385691,-0.204907809671805,0.0297212116295617,"Candeias"
"Canuma",0.177904713012785,0.298651373863121,0.253672068071664,-0.290600781135518,-0.213872857622787,0.069122492993048,0.0521417726720788,0.0402474479551037,0.0733172508814059,-0.112019475070269,0.0627665380076595,-0.175051735273694,0.41377810010625,-0.0115707727992566,0.0770263416667885,-0.178060665251749,0.584262178490555,0.391117007942447,-0.375679222218175,-0.403013847628331,0.179660862952033,0.0663421382946547,"Canuma"
"Caqueta1",0.205943341807997,-0.116386301723582,0.0644768996953966,-0.0298708682235642,0.457791096216087,0.282016160677598,0.655333331111603,-0.544723999919152,0.531147328368612,-0.175854302386467,0.386889132102267,-0.566990878484331,-0.324662864762009,-0.526929995788285,-0.379314014554217,-0.3408250754069,0.782715912017027,0.582834396978544,0.120870660850963,-0.0388121026254617,0.367490481141992,-0.345412930946247,"Caqueta1"
"Chapare",-0.505134523653088,-0.0727761366114682,-0.206068739370864,1.79086671589907,0.103890945758231,1.04918954292031,0.41475766421993,0.183098269731972,0.0187430544302617,0.438367148093057,0.205910998531403,0.0489123255815839,-1.10039462313258,0.429374167910337,-0.0956994938598624,1.59697709872351,-0.500854359861375,0.70625670233675,0.683148351674852,0.346644599395872,-1.4953217565724,0.186320198588493,"Chapare"
"Coari",0.345033021131902,0.0740022174543318,0.24505827783615,-0.429394846933854,0.102065350296971,0.104758351168267,0.312251416623944,-0.238136338013377,0.488368956919777,-0.0317589741553126,0.28690942532702,-0.417596413557735,-0.133623513711132,-0.275367371635121,-0.197249373656756,-0.245692715332868,0.483322483358927,0.38963985627063,-0.427160512807759,-0.44434966791413,0.263369546812242,-0.291402545506021,"Coari"
"Curaray",0.175793417619418,-0.150755977297687,0.0502975177627793,-0.148166735077041,1.05671472449645,0.167831225202068,0.815267062601506,-0.834629252264439,0.61576243824633,0.297746909535073,0.652033687051741,-0.498414945942671,-0.135134019422554,-0.345859596747572,-0.121897773142658,-0.235397489091565,-0.153977585913393,0.334936024137654,0.464642977723327,0.289505838648932,0.377765935268876,-0.424764676877709,"Curaray"
"Curua",0.302619512173757,0.139394328925441,0.136685711449026,0.0455515898947805,-0.027276523929181,0.0938384347409865,-0.17996185129402,0.0963285484159194,-0.145593657354275,-0.245198239180073,-0.138076774105773,-0.0569740868137448,0.093659190542264,0.124640101016378,-0.158052720260602,0.0296044651917063,0.0147248887020974,-0.0417219243371652,-0.344015627685944,-0.346906700378547,0.380139400252298,-0.436531529370354,"Curua"
"Curua_Una",0.175733891684514,-0.0138334157242897,0.0814290760934702,-0.132423927166533,-0.279954337012348,0.149013632045078,-0.372535526589394,0.472516577607152,-0.494510433313759,-0.21559664179834,-0.469344995431343,0.331288167567921,0.151047820545667,-0.103201820917578,-0.159107337602952,-0.162165101136936,-0.127824682846217,0.10231349882896,-0.360313582116866,-0.372935419531382,0.330770049285882,-0.351435881592793,"Curua_Una"
"Demini",0.322538377242109,0.0756860454353183,0.247563457131164,-0.343147396470855,0.0935938449967532,0.123315686762688,-0.0825884206236716,-0.116165432176002,0.0961757195021872,0.159745348714011,0.220451005459675,-0.162632328591795,0.443339625135422,-0.138026234806697,0.239278454453429,-0.621865421798263,0.53033313241582,0.39117229846266,0.0190505245094139,-0.0856812541689694,0.3585372749575,-0.359131193845053,"Demini"
"Fresco",-0.160488347566151,0.28376170534243,0.000656617882318836,-0.407064476609828,-0.563048545736525,-0.0726043862579276,-0.240774700391741,0.47335717474848,-0.58179735995062,0.345216203986637,-0.0975326135522034,0.710738648077622,0.896993413061779,0.670737332717227,0.832442774065713,-0.263350290589992,-0.280015517075582,0.0385854175124797,-0.132410408102814,-0.158369606074664,0.0254141931106544,-0.00760981733767952,"Fresco"
"Grande",-1.01492570129809,-0.570055608894159,-0.817750429519276,2.01340376966516,-0.466809864748159,-1.09952667197086,-1.18364453774806,0.791002392192327,-0.867536243321137,-1.58235190228052,-1.50482961546124,0.649444723987376,-1.48627945526459,0.17172948390048,-0.475091895123778,1.87960671142535,-0.812728280222758,-0.467430136876606,0.899085941784914,1.14813011271952,-1.71627338085676,1.00631999301829,"Grande"
"Guapore",-0.412801752504693,0.18316430122321,-0.117026163511299,0.547065272753483,-0.556711036462925,-0.400354389332386,-0.644266057972674,0.573897804725288,-0.669335034356634,0.340023755511281,-0.44252619233234,0.899963181920296,0.0403185125573308,0.805156951768734,0.609818418930827,0.659398961635491,-0.645402647151871,-1.00897864338956,-0.065554978574124,0.247045984583304,-0.833475373835376,1.11535916243662,"Guapore"
"Huallaga",-0.561478074187728,-0.6870318786375,-0.645749464070622,-0.117598842236791,-0.0461332586862566,-1.0923179268472,-0.687487514889566,-0.360495979979945,-0.0266378520046252,-0.869977307321534,-0.468750176971602,-0.325434003421318,-0.140019904244637,-0.331359821928248,-0.190048827123114,-0.145397569121242,-0.76161224641648,0.745558193232352,1.32231339286163,0.790744609347835,0.0551735309775713,0.391746930021383,"Huallaga"
"Iriri",-0.0994991638070544,0.36047218612853,0.0545458871239563,-0.195068965193414,-0.536129730529943,0.348738819788578,-0.0601254360115486,0.509543274263686,-0.426533583080242,0.141941235450487,-0.10904131875799,0.460295527141106,0.720348221106653,0.599590794067943,0.68179659645738,-0.0775285465183125,-0.160971419316547,0.0445413684862806,-0.294426154736564,-0.308294943682664,0.0874514175391462,0.448599840817468,"Iriri"
"Isiboro",-0.633576894907187,-0.122373909594718,-0.314516792825797,1.67401043190615,0.0491729642295838,1.19217672419916,0.512462887657444,0.272361649475687,0.0750494662974746,0.419454750094977,0.22224632401623,0.0373688832825626,-0.939570859733399,0.457292416051389,-0.0584512916468795,1.41515267464112,-0.556504564127857,0.8833436999083,1.06568016090717,0.55916035682284,-1.36955602002328,0.268790310762458,"Isiboro"
"Itonamas",-0.409980494627664,0.301412534014287,-0.0538958956289653,1.79690659213511,-0.50604965675337,-1.22059006236762,-1.15042523008809,0.406435903653282,-0.828579126426048,-1.20924626938484,-1.31749347710335,0.765912171105985,-0.751546904112484,1.05481386710147,0.522042415990904,1.67630202616538,-0.87960280918272,-1.06442514542089,0.205035466457061,0.741428367693262,-1.53043505527494,2.32652214666947,"Itonamas"
"Jamanxim",-0.0458214649282281,0.440729764712785,0.139309172428725,-0.197724540317987,-0.424065020612736,0.464968069560535,0.138577657263128,0.38272905970114,-0.2898863739526,0.293164907548553,0.0133299498183714,0.318464500503095,0.635951469373123,0.580666900090834,0.585350276301491,-0.0495113494944669,0.0917273159255309,-0.0866189084940035,-0.445147657697448,-0.441404685802948,0.11457016864434,0.0632035193099146,"Jamanxim"
"Japura1",0.283803658808877,-0.11247789821112,0.137042393352699,-0.318793164780084,1.11840312120518,0.391180917187397,1.04205116557825,-0.826479552808099,0.606246988571655,0.162956366588188,0.560589876848441,-0.54641331070891,-0.156527613768153,-0.489837402597911,-0.291983572562479,-0.397493171780645,0.786572671644023,0.389825018778941,-0.40263162234591,-0.424627070530908,0.36941850434843,-0.405945961591895,"Japura1"
"Jari",0.296646236445903,0.0976656994615237,0.10919482825977,-0.0231362777725488,-0.188660856012976,0.436439908836817,0.0619427807349337,0.0974047419719498,-0.240944444263461,-0.174845870309055,-0.0954709385662616,0.0393288318358157,-0.148775465009165,0.0718576737728687,-0.288250213760225,0.163076483150309,-0.0851088891359044,0.248786615878978,-0.237723572944026,-0.278494443474507,0.358991531841982,-0.332271462644464,"Jari"
"Jatapu",0.412654859965639,0.201738814620148,0.309876428122084,-0.178912779825527,0.0877465852290081,0.509299867056338,-0.025858005608691,0.0874133727188988,0.0796716476420109,-0.305455932449818,0.00916400032517012,-0.261990167985548,0.222607590737614,-0.0627625605591647,-0.0718196752525093,-0.358094361391414,-0.223703848266566,-0.241415567092457,-0.41944987387828,-0.407254188856295,0.375350150007175,-0.407720554351276,"Jatapu"
"Javary1",0.166931380276318,0.00359158765624865,0.152768882181258,-0.256211871223031,0.293985983248775,-0.297806058314613,0.265679088253016,-0.539226582962501,0.669276959969502,0.315310038597276,0.591390522634641,-0.430495258507914,0.0335112942681014,-0.0175419651984417,0.0857494511053758,-0.16864403863328,0.0380430404368584,0.233144092236597,-0.319877117737854,-0.346968688616343,0.215682291853949,-0.130388749586845,"Javary1"
"Jiparana",-0.272898437604564,0.218204663109677,-0.0810874426804451,-0.113478608969701,-0.585480045564969,0.145165998890221,-0.242655951367588,0.60501751099871,-0.595064371305061,0.482383797513545,-0.237142077955278,0.703595280057872,0.253714584053785,0.407845006576611,0.416118255659907,0.200507218351942,-0.0834276028475562,-0.442211564579881,-0.0557940222918245,0.0258113438165673,-0.324118805924873,0.61810413774219,"Jiparana"
"Jurua1",0.0843476010406535,0.0383304957153956,0.124496785509722,-0.157170189119646,-0.0874064540335252,-0.134186437244041,0.0522454067329668,-0.0964549202468086,0.219070184576077,0.261599744695327,0.239589297908539,-0.088509188318198,0.0943531932011929,0.0339762236798978,0.145869697589704,-0.154173526164075,0.0364065939950082,0.0391601522387015,-0.248540605420471,-0.265484545424919,0.0483832348972024,0.46399294454675,"Jurua1"
"Juruena1",-0.440652447910663,0.213310760291132,-0.104490201027949,0.200723556949652,-0.60753601651454,0.369065577080662,-0.206599514017011,0.702942758087272,-0.656185777751916,0.578193789748598,-0.217125913355137,0.862713250420745,0.487814292259929,0.680336546439477,0.648610894067679,0.102691094418931,-0.139301452586503,-0.716248776445055,0.300597116763293,0.598955542267756,-0.501296949061871,1.27738155185345,"Juruena1"
"Jutai",0.208321434039121,-0.045044513633956,0.125520803067189,-0.36487066951802,0.304568185007404,0.0860860811842707,0.466528803234783,-0.417963310441406,0.609772601499822,0.135890844621529,0.499307067959269,-0.467902030699684,-0.0758758817717164,-0.174141438654447,-0.0801915918127498,-0.23927076647221,1.02112552291089,0.185171582294971,-0.335142019722382,-0.356561246642834,0.261021140076957,-0.131692761813084,"Jutai"
"Luna",0.407417878043016,0.147750411401124,0.306361182603934,-0.29822832728105,0.0465691097529151,0.00474350405945986,0.187470098514051,-0.192960049982501,0.362280682259435,-0.238319121099488,0.158595399181283,-0.466755616884163,0.0276070336541432,-0.353361335120528,-0.258144193289301,-0.319265196643226,0.364299561648902,0.319475205879739,-0.297223663505229,-0.334545289081679,0.279992102114145,-0.238465341726516,"Luna"
"Madera1",0.39741646479002,0.192711566134435,0.327432562646085,-0.290128911963618,0.105888971706319,-0.278702655785532,0.0117623220397834,-0.229301462024375,0.353673063000859,-0.283672651642434,0.103252845017063,-0.458424736678116,0.140940285196278,-0.282395989537728,-0.216514010476112,-0.264594524062381,0.355026178383282,0.246990844182983,-0.312007566990294,-0.341327358200673,0.290022162263891,-0.30328229521967,"Madera1"
"Madera2",0.218953045450168,0.216358245943004,0.239341893103693,-0.268464201038784,-0.249110122205428,0.45702473956004,0.363319765639333,0.0884641038414437,0.134960136121215,0.156535507320661,0.161190141684585,-0.154021115046589,0.174630976031083,-0.0720875337893499,0.00326869155819808,-0.162862785249269,0.70778569908544,0.464286920311273,-0.375665316030892,-0.406600125988943,0.147363690917099,-0.0816893520240704,"Madera2"
"Madera3",0.189279567945925,0.280027434143503,0.234250360897493,-0.22721340116877,-0.330222153961151,0.327549434548322,0.211999150581381,0.180616377577009,-0.0361626438541495,0.22885286072853,0.0811836705503192,0.0181169186073304,0.169091084895173,0.0178326872705082,0.108815806600323,-0.118620451429323,0.431986587442415,0.334230509905063,-0.253884139140673,-0.300103083786501,0.100018515346856,-0.134903121595597,"Madera3"
"Madera4",0.0811390672469801,0.255224344769746,0.172218065650734,-0.0520703012650563,-0.459050870041998,-0.0876888467436925,-0.226910946991746,0.344872040970479,-0.371139932103194,0.370296034242823,-0.144190777708509,0.442276226967626,0.298554550295324,0.118120847151519,0.238122885306104,0.0188528430144678,-0.181696710178405,-0.465016113148392,-0.216805541773836,-0.155110290900511,-0.169602975127575,0.0474577124446456,"Madera4"
"Madera6",0.111189736750847,0.373899027186801,0.225720108127985,0.0144349722127347,-0.546630860020825,-0.402725465913374,-0.55301404763994,0.438773685032202,-0.577963053481705,0.332722520673251,-0.34632012267898,0.658063068615785,0.155473208173356,0.325546715265564,0.328940139014071,0.245680235394255,-0.438209757114479,-0.702707287884352,-0.454106323409697,-0.416025142869664,-0.259819141902001,-0.247051161669066,"Madera6"
"Madre_Dios",-0.406789257082726,-0.290063727902786,-0.338828646588612,0.493192719126147,-0.00439066166379183,0.339362817858002,0.133539367914434,0.133635476185059,-0.0237621492619876,0.121948116931285,0.00780956487397932,0.0144363908863564,-0.556628240315527,0.0126417621730251,-0.177139449823847,0.580630319015794,0.525521789680362,0.388310488510174,1.18913454468375,0.856436831567383,-0.611649847255649,0.448860690705174,"Madre_Dios"
"Mamore1",0.0150140931804764,0.444894469985749,0.203626834455442,0.150872451392163,-0.525940586384339,-0.443876338119536,-0.60189054311053,0.453602959991782,-0.532929173479322,0.268731857724215,-0.354956653956886,0.689068047737987,0.183491653362392,0.716911464275059,0.535461037999139,0.569705107176451,-0.513681492214101,-0.953448851680378,-0.0269398781618257,0.276615717119079,-0.483863681145362,0.324063068519184,"Mamore1"
"Mamore2",-0.183449603676263,0.319902967024779,0.123425230910593,1.13452469365855,-0.283729256918804,-0.0729079148471888,-0.377084928526585,0.293640103684901,-0.13623927672279,0.491834919375199,-0.114965459848803,0.361309118475215,-0.39984908139008,0.758710677909031,0.367568895385342,1.13390875091923,-0.466895712857171,-1.00807502452909,0.394538046093533,0.997473912484494,-0.96588560876174,0.725900087311828,"Mamore2"
"Mantaro",-2.28631803232038,-2.76563473755643,-2.68423065457731,0.384448216454381,-0.571884828157189,-1.50554118661131,-1.34423072463102,0.556785177114274,-0.938000815282824,-2.03476703128108,-1.7448611411885,0.322783520412913,-1.86544834699434,-1.97126106691848,-2.33132690433211,0.444909818659583,-0.894633188342221,-1.00967742475146,0.594976016882003,1.32682913893904,-0.554607210426141,0.214379439693475,"Mantaro"
"Maranon1",0.282114187487519,0.113958761660377,0.249284218997851,-0.292885515479403,0.376911205109989,-0.64636227186651,-0.0140318741400811,-0.772356098141899,0.686420370021206,0.369689472530574,0.634497272616559,-0.502987063187675,0.0344523722649586,0.0524998464833725,0.199732310008916,-0.0449970842703261,-0.536685608305262,-0.591615345781333,-0.245007012318715,-0.16272597751768,0.275818099938277,-0.275616956745245,"Maranon1"
"Maranon3",0.203570549293668,-0.0684735564407883,0.0838248178390347,-0.237868986731993,0.746109698828472,-0.613079942270383,0.169209817334726,-0.939578304959004,0.538965241894645,0.301712727802001,0.585631320276104,-0.457844573099569,-0.305255111350896,-0.290110559237253,-0.172638285552932,-0.0558099359192536,-0.513172779459003,0.244955385624273,0.309543741134525,0.186493762075547,0.29344699953437,-0.17970220267554,"Maranon3"
"Maranon5",-1.11709484720684,-1.51132239808375,-1.42371185338405,-0.0793749452404381,-0.180669772609495,-1.35907653477558,-0.986723881341818,-0.150588167208856,-0.461183515822586,-1.6975321993433,-1.15516916227979,-0.285119456756264,-0.714263304669611,-1.01569337446884,-1.08125457273856,-0.158606067723025,-0.881321230308206,0.233669487256546,1.21078334553504,0.958083319568094,0.122856780882557,0.453852952476199,"Maranon5"
"Marmelos",0.0989305668312839,0.29522633720531,0.19543533547437,-0.193180409385301,-0.402575532238244,0.473997420805094,0.187340003722938,0.312465534802076,-0.146850336742413,0.282911021129592,0.0189876953460198,0.150240480613615,0.228802623659039,0.117653697313287,0.175213240025164,-0.0474183546249239,0.530762583157938,0.243704924027231,0.0177573151655103,-0.0609872277624236,0.0435640372028743,-0.0846643006577496,"Marmelos"
"Maues",0.287190937222209,0.264205823461268,0.290944280391009,-0.24929556614332,-0.0715886645470234,0.0585337650438703,0.049233000096263,0.0456938390278567,0.145668540079598,-0.20255082337104,0.0182819564430258,-0.238258114451973,0.294461794393196,-0.00966860842504959,0.0184906955988915,-0.184724935858045,0.363076151725519,0.0328586519208992,-0.360639519681581,-0.368337244201259,0.268381546442598,-0.234745657007107,"Maues"
"Napo1",0.271941787017276,-0.0161080140054818,0.202247599317084,-0.245181408579811,1.26941474512906,0.0736283762735531,0.887301451467487,-0.974488690318028,0.675698766734522,0.286561376502807,0.726861098696385,-0.519501211942089,-0.000379116388004891,-0.359532088558856,0.00120126608187956,-0.317223450009302,-0.155141846765374,0.144548561042503,-0.321246351844673,-0.341289801301248,0.356432922328195,-0.375515490105081,"Napo1"
"Napo2",-0.154243278333624,-0.65296511900921,-0.423238891555735,-0.186957514738938,0.902393628747508,0.0785330008840425,0.667159349568724,-0.781299398252994,0.47523645116554,-0.117811398351483,0.318606405273721,-0.540814688578895,-0.416131827624972,-0.788344069359965,-0.629152916951953,-0.348399959092853,0.0154715645792737,0.623429564011281,0.60809016351928,0.315614764628616,0.380658336689947,-0.434386143272913,"Napo2"
"Negro1",0.431044219411373,0.16325784843421,0.336049489862663,-0.316739696282378,0.289401832456942,0.206361824337213,0.10085625415943,-0.215912457000299,0.517767453753134,-0.270767685628123,0.230770746491014,-0.620877041159732,0.244719382216923,-0.258176777973839,-0.0545825186227547,-0.540734093151664,-0.0402821078202596,0.0196001719854918,-0.287884198355471,-0.299771714033304,0.370460147184806,-0.391917093926993,"Negro1"
"Negro2",0.387803012240748,0.110458841907941,0.29775244299123,-0.398665586912394,0.46116535674838,0.147358034699225,0.210275962678771,-0.394619416272985,0.641187226360964,0.0417936272738802,0.443263643047005,-0.569179011803478,0.329235122142609,-0.176061801237913,0.100592389555111,-0.581717019233244,0.244530236917379,0.156129827217467,-0.0337308029745385,-0.0895309570231944,0.380743336690022,-0.438743973717467,"Negro2"
"Negro3",0.331907554051602,-0.020687250239314,0.207401311683574,-0.313450481568117,0.959886321988283,0.366530825838826,0.683021355334981,-0.710676196325612,0.688894974094778,0.190580060644977,0.611525074819623,-0.583137768181424,0.0292899288823509,-0.360724039020991,-0.1237876080059,-0.45851483089177,1.07735335569661,0.406168060339329,-0.377991910988569,-0.405618482064056,0.37852441353761,-0.414982382503652,"Negro3"
"Negro5",0.257385046576796,0.120896757450317,0.182048383713144,-0.229382697393375,0.886110766947464,0.885226455465348,1.01892235142353,-0.558926624360362,0.850581093138233,0.526974212007122,0.883275013945437,-0.583913706764254,0.392808980571103,0.188764099890637,0.376588017215564,-0.467312821630113,0.898498968456859,0.254315836523597,-0.23887936794134,-0.280028483231834,0.335968516534411,-0.318205321045194,"Negro5"
"Nhamunda",0.478717135295544,0.270318953319796,0.35059423980432,-0.0814737380033895,-0.0571126868624568,0.666894032280889,0.0306741633068193,0.180195426015184,-0.0899151830348321,-0.226358034939821,-0.0681556571959056,-0.187800522712426,0.0834949595487494,0.0231457870928357,-0.178271803870129,-0.0869726248901154,0.162664466980346,-0.273074353492289,-0.292839913933165,-0.271127343763166,0.376680103607379,-0.42298043199381,"Nhamunda"
"Orthon",-0.157445627761986,0.154451430592476,0.0451111143960278,0.502208624182929,-0.339342757487262,-0.368784450810545,-0.320850605647601,0.196000514000428,-0.165692167326605,0.399592612583696,-0.0767632875680596,0.333916935897899,-0.128103781846614,0.328812685241892,0.209798890758932,0.45412475119,-0.203739108274646,-0.510588917787468,-0.129828456080997,-0.0417014789723781,-0.435390473216748,-0.120165519444516,"Orthon"
"Pachitea",-0.413290009141428,-0.3689455216718,-0.407763682482011,-0.135059362294007,-0.0510296858036775,-0.221395324631714,-0.148409841979844,-0.0666604565835736,0.133899764806799,0.078571048950532,0.0923797420816457,-0.0390230889473252,0.0157797056545556,0.0879605297470041,0.166256855296075,0.0576425662075338,-0.481375000400132,1.00598951236826,0.512875267734917,0.155713914465082,-0.221623167135893,-0.0505233601243248,"Pachitea"
"Paru_Este",0.291785956522421,0.128698722048437,0.112732580407381,0.0231119766123996,-0.265562165045193,0.369253176721166,-0.175207687802126,0.213455172232518,-0.401573128365625,-0.217870170241464,-0.212144308875679,0.245828085975629,0.0290132667176247,0.12700105543845,-0.187436411168957,0.0776742072397183,-0.148404136041497,0.139408140409281,-0.206958762153651,-0.23976649198777,0.364005166450824,-0.324297889465808,"Paru_Este"
"Pastaza",-0.238479593911913,-0.764553844078507,-0.54467305702338,-0.205705930742712,0.665775636362679,-0.657273507840859,0.0819901222413273,-0.846410985091912,0.290952670004451,-0.502840967648859,0.0677858542756143,-0.520899309926668,-0.63817984292358,-0.874514266996732,-0.746500338009765,-0.155724062738369,-0.221117464605097,0.112817388502841,0.775411811032538,0.641910909130561,0.351778406058789,-0.276978565419002,"Pastaza"
"Purus1",0.292029831469786,0.158216977304878,0.23845067938205,-0.343065708776515,-0.097257370490387,0.203378897614319,0.202952916185726,-0.0180963531226816,0.211498318761229,0.0549227848958191,0.15076393173825,-0.213524284123317,0.0115830877737056,-0.212337573671582,-0.0951699117788583,-0.247702542486448,0.156819494841034,0.353053852175177,-0.342332899245398,-0.373882123753721,0.195555201772665,-0.000647508762306578,"Purus1"
"Purus2",0.173818074496062,0.216615748813658,0.218188055770493,-0.257309648960575,-0.369953154972947,0.216895865367565,0.0868236775569756,0.202530030434659,-0.0985496956129977,0.316375236433595,0.0598537797133367,0.149379951687695,0.170329139781888,-0.0954774155751657,0.119851483980493,-0.212987193093613,0.0161665727591447,0.00241830856403916,-0.211755602370993,-0.226766567741941,0.0552888452130913,-0.0406132577698433,"Purus2"
"Purus3",-0.0260003760523283,0.0942094482162441,0.0950002123942503,-0.00254170459567339,-0.365888301485166,-0.120738233882838,-0.159152142019896,0.234149525202545,-0.225956171719629,0.419127128765268,0.0238921950949833,0.359719460867962,0.203696339827221,0.205348414899726,0.342324360973758,-0.0653965191927668,-0.214156721788274,-0.402188581401193,-0.189574339625127,-0.13675669546856,-0.116717660966065,0.32405019789809,"Purus3"
"Putumayo",0.227978178206663,-0.134490399363588,0.10103826961914,-0.171740292936041,0.922327641413647,0.114210742699796,0.726396285607212,-0.788527338723196,0.578152396929652,0.102896046005834,0.555654245412362,-0.548664070532966,-0.218910797683977,-0.564132135313907,-0.27403699476719,-0.393127894076733,0.93658557091988,0.380595535651331,0.00256432419334438,-0.0972283399195106,0.365926594847756,-0.368827003457026,"Putumayo"
"Roosevelt",-0.319797305516249,0.21994196368519,-0.101382198408417,-0.162843722120209,-0.606932923213349,0.295206767179718,-0.181917296703132,0.699860469642036,-0.675626728454308,0.431911491029937,-0.283031562215245,0.792995571206953,0.332601391151765,0.404126123013893,0.42707374334147,0.116895720601891,0.248740689218627,-0.26778537451003,-0.143547769295514,-0.114101103390321,-0.277968275498862,0.489269061363064,"Roosevelt"
"Santiago",-0.516501591335019,-1.07383579587306,-0.912055540739371,-0.149504648228376,0.489019999497518,-0.691898799303604,-0.153944585408758,-0.761147534989605,0.210189126241501,-0.677361931885089,-0.108839311023512,-0.52859082471809,-0.820832246570342,-1.0096513038648,-0.985368563247979,-0.0114636683551918,-0.375819165344743,0.71658510272442,0.78184791635798,0.414638767522638,0.332888171259253,-0.316828025528116,"Santiago"
"Solimoes1",0.464796155017352,0.15037397938574,0.331158031303201,-0.299218756422447,0.168972720995542,0.00255718007568462,0.185728099574096,-0.225612857690693,0.459578964303995,-0.164455911332267,0.193315522621097,-0.485370082174171,0.0378333784499759,-0.443560961537008,-0.27474398964696,-0.463573774915838,0.242859507757579,0.175789252717767,-0.358601821411611,-0.376334238040752,0.338441449818776,-0.396192436265142,"Solimoes1"
"Solimoes2",0.399151322556195,0.0811481347750823,0.262770473962581,-0.352677763894268,0.335559964719758,0.0264414976950598,0.309590602285405,-0.383544020301465,0.646159347453696,-0.0748156945688712,0.338277515167179,-0.576396203253703,-0.00593102285990616,-0.403238648386578,-0.244146706368305,-0.425812064886289,0.383988846531007,0.32416965767331,-0.395868289037485,-0.416186004272575,0.324944573032171,-0.290705188543446,"Solimoes2"
"Solimoes3",0.398940922964569,0.0827347672769146,0.276205468442334,-0.400867850763581,0.469109787460848,-0.071249395871708,0.342887847244081,-0.504926975242714,0.670235545162058,0.00745168477399278,0.388936589258234,-0.588600431602083,0.0252714677714042,-0.3654889886736,-0.188279928599409,-0.422994171096395,0.543412280412102,0.393926296793701,-0.420302588651852,-0.438993780955847,0.333500399023936,-0.331124389552053,"Solimoes3"
"Solimoes4",0.303185281205289,-0.045730792637878,0.172459214647312,-0.364490113952342,0.877515307116485,0.214103322468308,0.814529815707535,-0.740376493915802,0.633404860739714,0.250032858505783,0.586933420789846,-0.546297793841962,-0.0954685445368361,-0.34082493905075,-0.214808232004726,-0.357490293751151,0.992654678400663,0.391370258932079,-0.397068967566108,-0.420221266839943,0.350638950879158,-0.377583477197365,"Solimoes4"
"Solimoes7",0.210150042328048,-0.0912577455437267,0.115693617992589,-0.363942165107799,0.484098098100435,-0.104752631628219,0.448478612110349,-0.568387746233913,0.637575908919808,0.1344448560481,0.569997968549635,-0.511231733437163,-0.0653228587917648,-0.230054219646548,-0.0856254736451623,-0.286646286776109,0.646218470182777,0.300439404126736,-0.382806764816889,-0.404207078250157,0.29259645582281,-0.210096346816164,"Solimoes7"
"Solimoes8",0.24930341229352,-0.0526030091323789,0.168365161946162,-0.257888411138927,0.818451807313164,0.0597833625086342,0.618293804243581,-0.752690019836313,0.622188511417381,0.307972260109711,0.665341361776474,-0.508628576392043,-0.120686273140788,-0.330681120459163,-0.0993353847243308,-0.280289267105906,-0.130532393770687,0.310214192111527,-0.353341001972775,-0.380305964383965,0.324076581624595,-0.368974134247078,"Solimoes8"
"Solimoes9",0.260056347335269,0.0327045508057031,0.200894786177226,-0.24595824842806,0.982215301123302,-0.210716969888012,0.601474492090347,-0.917855240244036,0.675837604665862,0.483624699924216,0.74889948703758,-0.471486861669539,-6.69669379613222e-05,-0.0813992352373337,0.061861951902308,-0.13267415089585,-0.23525364719232,0.0223390821006366,-0.244239801852786,-0.259544617469444,0.320229325493836,-0.337031180461493,"Solimoes9"
"Tapajos1",0.299575820291925,0.199729203619878,0.242322532694711,-0.117352596600307,-0.137744099320997,0.146250715419551,-0.137330780310714,0.251343847590027,-0.137530708825398,-0.108878709893327,-0.180909745577406,0.0122458715588482,0.291857322666694,0.139726728387449,0.0358027530644515,-0.1106029337241,-0.0315331546554053,-0.00558020036372531,-0.284718391112583,-0.294213319534638,0.3198918321575,-0.267111061759556,"Tapajos1"
"Tapajos2",0.0233299406117558,0.429824542892983,0.213881505180003,-0.257555368346771,-0.384469681397774,0.28505596611571,0.0875192391235908,0.264179308967144,-0.186842993063594,-0.0120098571026581,0.0018625928841331,0.107951324880085,0.543676246326905,0.440710505489935,0.36867906454646,-0.0961777658403688,0.216263465111838,0.0313969577857954,-0.255071019758444,-0.270626470608301,0.140370039317366,-0.0366875135195532,"Tapajos2"
"Tapaua",0.20150169908715,0.0858239452399799,0.189922101736095,-0.360294451129923,-0.0762841918748544,0.336427047569391,0.379404853948438,-0.0313288132435789,0.310994484520306,0.246015854098892,0.306491140850234,-0.210623872818324,-0.0428962865813436,-0.0776400296857039,0.047154827894741,-0.168935992996947,0.192614675525022,-0.115465097471327,-0.215136902558811,-0.213577789980782,0.153215606898848,-0.222137091953945,"Tapaua"
"Tefe",0.343799714209522,0.058813168526881,0.247133444407149,-0.414863271359971,0.234993069025592,0.175714336020285,0.41711546301248,-0.339230018285165,0.566415729045557,0.0151892571408563,0.39262129961483,-0.495334451876942,-0.198237611169432,-0.224987020548359,-0.20702965680651,-0.185548022879275,0.722911005860602,0.322972558345464,-0.348259481574847,-0.376885088679588,0.283447092080277,-0.266450142198514,"Tefe"
"Teles_Pires",-0.317756341562673,0.544895782698957,0.0317796351126461,0.117231226422889,-0.604989452883199,0.460038636100359,-0.0656242483354895,0.680726649478722,-0.666694069944809,0.691484701093918,-0.0908695288588866,0.869151529911246,0.928210270427005,0.877740230646987,1.00234469726108,-0.0304058226969222,-0.107220886613914,-0.762375551320748,0.285900990548642,0.611461794452194,-0.332788445790163,1.1203359566977,"Teles_Pires"
"Tigre",0.20704570169449,-0.0476362029358892,0.122757849490374,-0.184244521804168,0.958989866439775,-0.280435361773007,0.498177739940493,-0.956074341951208,0.641423287901134,0.391626709753011,0.722905212818922,-0.47659889963884,-0.0774407072988634,-0.188156954816159,0.0200030101789887,-0.131340890169645,-0.265382820567479,-0.194041049676772,-0.0190277414354327,-0.00155868631913271,0.347833091428901,-0.317776847876633,"Tigre"
"Trombetas1",0.358957359208852,0.310555935543024,0.242066447683748,0.00970343304140777,0.0508230873942872,0.740353236877107,0.0370424994328316,0.175426485505858,0.0232258933987839,-0.217181405914561,0.0079743930725645,-0.118135520799089,0.273461196827632,0.351025597299319,0.0711616228947282,-0.0203510315865626,-0.00903439126192885,-0.442566385429456,-0.23334926927865,-0.178691687689817,0.367648348524842,-0.361005293504055,"Trombetas1"
"Uatuma1",0.44975010895407,0.186631965382623,0.334962728035513,-0.24034099659335,0.166243322805382,0.518787659089513,0.130945271342351,-0.0408147758158833,0.214269377840495,-0.176876540713748,0.132100808527335,-0.439161939131653,0.154112982016679,-0.210304590647348,-0.186065595383252,-0.368043857602778,0.0177834372062008,-0.141618962959928,-0.38620838020005,-0.380182273613094,0.374495878292909,-0.406952650790014,"Uatuma1"
"Uaupes",0.292225806059661,0.0207462364934592,0.163645437509126,-0.0627965841006607,0.806998931655295,0.594541676096664,0.980496361486608,-0.581632749972125,0.60430502017754,-0.0269650056616121,0.483993943041491,-0.579397637133262,-0.160893743113174,-0.240353177342134,-0.245649367362092,-0.290571229453932,1.27477858413612,0.437840740289023,-0.331828493609275,-0.370666303396203,0.362238603663792,-0.368685151504336,"Uaupes"
"Ucayali1",0.122592674742548,0.233248250293886,0.21309661763972,-0.155306619061008,0.14212280488355,-0.401300649430489,-0.0181445689381572,-0.446185072208627,0.548115852338302,0.426796669360405,0.51045720043045,-0.304558270021663,0.305373810628039,0.443403689445669,0.581755184126719,0.0120045585509463,-0.653227142262351,-0.146899672121657,0.302438841275314,0.308052105927296,0.0677281164445754,0.22871355394516,"Ucayali1"
"Ucayali2",-0.640889856740895,-0.617479164936831,-0.650743968416439,-0.00968903453645283,-0.221856111820478,-0.777349799342556,-0.600393420671099,0.00391599707163119,-0.194194987541581,-0.21126399637647,-0.303994426563704,0.190138032813357,-0.172482195354797,-0.0995607233285009,-0.102701844423041,0.0864617452436306,-0.582987684099937,0.769684767748736,1.19773863697847,0.692428467002485,-0.342095618873106,0.244250995742261,"Ucayali2"
"Unini",0.387593861398405,0.0837411320409254,0.276835807011974,-0.410363388553269,0.722112150406651,0.253356436704337,0.498169241418629,-0.569940252350158,0.767790187053592,0.109040603167943,0.600213429780066,-0.6607501101702,0.206670109489335,-0.275708948448283,-0.0371618776547109,-0.542427425298194,0.338310431526199,0.298778805896125,-0.387301027413603,-0.407859451011715,0.373854616023597,-0.428881201277401,"Unini"
"Urubamba",-1.02708796275649,-0.798882257502603,-0.986614793777394,0.35586727162001,-0.35426757136298,-0.925374302363672,-0.799114638049759,0.308404583707285,-0.471094653592085,-0.43217903149537,-0.651887716843044,0.415965900791678,-0.425520902560742,-0.0712393759904838,-0.290713564382894,0.274029344327702,-0.661652211009626,0.575438220841676,1.37747895073803,0.909399331026803,-0.565037602890795,0.632946998280126,"Urubamba"
"Xingu1",0.291854417244744,0.0627884655008334,0.178946177986789,-0.172603971463476,-0.350830093038889,0.32241437608012,-0.214238861399586,0.558985145089945,-0.575620624838117,-0.215191813774636,-0.404977964624483,0.380988213382429,0.21537391283949,-0.148000360809103,-0.146720991826951,-0.28080091330149,-0.105561706114472,0.0611160154126578,-0.183498007791766,-0.208587436382315,0.347361576360461,-0.336272170312955,"Xingu1"
"Xingu3",-0.01418708971088,0.0390910667736031,-0.00471623603912053,-0.341087861119696,-0.429978970756632,-0.059464849494035,-0.336043036290579,0.427145960370984,-0.434397890075778,0.103751778369974,-0.27966342447576,0.448222742137237,0.652737197166359,0.180619940301973,0.347984392944794,-0.423436503848235,-0.252845822923851,0.254939213254837,-0.326323292307798,-0.354043390778182,0.213920906382242,-0.141368789193532,"Xingu3"
"Xingu4",-0.218342406671625,0.517357614996443,0.0754643071358189,-0.150841836169381,-0.611999061477665,0.267011927492757,-0.130581563463314,0.676867152452828,-0.709163735448554,0.627611185370655,-0.0956672655066954,0.901990258970988,1.00283847221617,1.00817827292874,1.07897354271614,0.025813429873266,-0.246763401866851,-0.28423267264042,0.0686288345247275,0.115190457442087,-0.16214691832457,0.485305433850042,"Xingu4"
"Xingu6",-0.458290163127549,0.444984193746818,-0.0225266590313646,0.473637997507149,-0.64525783488831,0.115277157773588,-0.336952019569838,0.840108613619943,-0.86959736158323,0.637449123520437,-0.261350690205455,1.19393868266011,0.730595549927838,1.09961023547355,1.05934649747069,0.148270705668909,-0.400600288319261,-1.22309268712767,-0.0808027078913636,0.365298937933922,-0.637259325802685,0.54602864422953,"Xingu6"
"Yacuma",-0.157736469721676,0.240506282923554,0.0904901064615094,0.996541000424521,-0.254249335291983,-0.243732580451838,-0.467029302906116,0.194787745448182,-0.102445020096277,0.389597212230383,-0.164897549674273,0.284286705492466,-0.492713057749983,0.713033344950609,0.24032684957977,1.11314837400962,-0.452784203035465,-0.577732039053552,0.8472316751935,1.18810412272479,-0.966669896333747,0.181133161718961,"Yacuma"
