"","tempMin","tempMax","tempMean","tempCV","precMin","precMax","precAnn","precCV","aetMin","aetMax","aetAnn","aetCV","petMin","petMax","petAnn","petCV","ro_mean","npp_mn","npp_sd","npp_cv","SolRad_mn","SolRad_cv"
"Abuna",18.4710055278,33.3373071861,26.1855567255,0.715829613056,19.5081863648,269.603185049,1785.02295341,60.6222690182,64.713187681,152.48847065,1308.6010529094,0.290646952500577,122.327086075,165.511292445,1750.730113188,0.101120309121407,688.817040877165,1688.99191666,95.5617041902,5.65791364941369,14.5862920762,0.11330645993828
"Amazon1",22.0975939124,32.9178661379,26.8547719844,0.517704463855,58.7122876588,339.525909651,2453.39424468,47.3575906972,85.2065805691,137.815229623,1432.8267509785,0.146603092290376,121.750710037,158.512995016,1654.098279836,0.0836276239222869,1153.0488710406,2678.68556143,261.020545906,9.7443518442178,14.7731828883,0.00237102964532721
"Amazon2",21.4822006835,32.3935495919,26.3087978785,0.608542383327,35.7518815246,304.79845743,1836.49027957,60.914168861,61.0451005659,133.547238874,1227.7079014696,0.254271419785162,118.693951108,156.688292528,1627.639176801,0.088749383682982,884.7337316367,2568.18257026,210.811519592,8.2085877395647,14.7711249759,0.0138314596641988
"Amazon5",22.3399321994,33.2958910515,27.1310596762,0.581911800807,45.377812847,333.50213338,2098.15553218,58.4550236718,70.5630369981,136.2375358,1298.1894909121,0.194714990884428,120.335320592,161.025834356,1650.4965223,0.0944364143282781,1345.0972010626,2255.97901408,180.668227562,8.00841791676318,14.7685676605,0.0118027555747474
"Amazon8",22.0784776119,32.6424577114,26.9498457711,0.436821144279,86.4896517413,331.64920398,2310.67542289,44.3770646766,99.6239800995,134.347761194,1428.8509452735,0.0873385887929934,121.026218905,153.474925373,1623.454676614,0.0794799622487148,1274.01849523935,2511.74470171,124.201259242,4.94482019440286,14.7650351173,0.0215585960531199
"Amazon9",22.3659864883,32.7085619744,27.1319454019,0.439236867503,86.4418861161,295.80132359,2249.53922515,39.7959465049,105.102164622,134.611333241,1436.345098579,0.0801860495492814,119.935474976,150.667585827,1614.457328002,0.0760988667384253,1339.15250062815,2556.41978237,87.6241269964,3.42761105201453,14.7634278089,0.0141582580905765
"Andira1",21.9806330444,33.0330023641,27.0590570003,0.475349908064,77.4765694773,323.926241135,2269.02243236,47.299605989,91.0120304702,135.644234305,1413.778881009,0.112890757932391,122.132072498,158.765143157,1649.86976622,0.0877138335450382,1397.3945619612,2519.65939051,157.759842146,6.26115746994153,14.7575116632,0.032976957878309
"Apaporis",20.6400602273,31.8891439553,26.0591180788,0.618552138977,122.599458257,331.02253227,2828.60631327,28.9337651136,113.179834451,139.699983354,1554.88075602,0.0652393749395567,113.179834451,153.586580512,1629.2592346,0.0815239118032029,2039.7459897458,2958.38170127,173.555299859,5.86656210672526,14.7687871704,0.0324310277541922
"Apurimac1",-4.00038129718,18.4035664767,8.22749319571,1.2912291763,6.99252811585,171.891606327,837.315744878,85.9792276485,39.0493632209,93.8537076978,696.2519385814,0.325653116919061,80.4721409131,129.265547168,1268.645432138,0.153694915503938,141.31260672506,1336.48532935,870.016666247,65.097360003954,14.4171474033,0.233440395269847
"Arinos",14.9932072849,33.8822785169,25.0743808686,0.848916328615,3.80340983235,335.21186633,1965.16080395,74.815196732,50.8306856543,165.424980852,1333.9854472219,0.3949426126022,132.627826161,181.453419761,1893.904612633,0.0968559591386091,750.787558692185,1203.46739339,159.523008388,13.2552829652198,14.4935471531,0.381184094235919
"Aripuana",16.4994491505,33.4840495668,25.2245917034,0.474544324507,15.449750714,345.532426545,2163.00022266,65.6980299143,65.7704341933,151.072530132,1342.7787501823,0.277070253061325,129.13323975,168.045520112,1777.378575923,0.0945437752289087,1721.1518931492,2265.09356731,479.708454141,21.178306320948,14.6306643359,0.34111011517735
"Bacaja",18.7983331673,31.6288176113,25.1194043231,0.365376099877,23.9241624332,321.031942093,1914.02045356,67.6554105655,64.2525151908,142.731613375,1243.4888601133,0.283629792970949,129.3598632,160.653119501,1719.316997046,0.0709449812158097,913.92614780805,2787.73886816,98.3708601304,3.52869708328628,14.7368181772,0.0666689616291156
"Beni",11.5305148542,28.4284262158,20.6110157935,1.23692829611,33.0581159118,247.045529813,1469.77532874,62.1726918528,65.0008766437,131.910853684,1132.2926389762,0.268403476177746,98.4996938705,156.499172059,1573.7376539365,0.151459140798655,570.1660663876,2640.07552543,1285.98075248,48.7099986380332,14.3770405499,0.64247635787563
"Blanco_Baures",14.9808604124,33.119121235,24.7712231458,1.37050522509,18.1846378063,219.474813775,1314.11049336,64.6626254993,53.8951419626,141.912263845,1098.934189787,0.356617877558295,113.863273238,181.632775559,1816.957897011,0.155226226250264,283.09675019255,1276.77871724,190.318676734,14.9061598665593,14.376615545,0.357995539111427
"Branco",20.2972955845,31.9080575132,25.9700487217,0.458906003919,56.9428643343,313.116069181,1809.94074737,60.9560470677,68.8219814102,144.395603358,1268.566996871,0.243388567926183,127.503326022,155.885557873,1716.156480349,0.0587862850018532,882.6832962854,2493.103528,805.467813246,32.307836565943,14.7462770803,0.113381363321432
"Candeias",17.6433971498,33.0746768389,25.4400662156,0.544965222398,19.1744350079,350.66633079,2233.79216928,62.6888441054,71.7763063193,157.905340435,1384.739628617,0.26072158567035,125.166690658,165.018050957,1748.941212035,0.10030531879525,1184.3969481899,1983.47421119,114.163956873,5.7557570564281,14.6053285024,0.15879205135981
"Canuma",19.6384774514,33.3540143888,26.4913770514,0.397809658438,48.6389233669,315.696513125,2256.49331127,49.1336827104,90.0632326576,139.858111525,1421.2712499428,0.145575615647466,127.343446881,159.413368271,1701.26042385,0.085305118664179,1724.6434517528,2830.07445638,106.449118277,3.76135398264967,14.7153142378,0.170832154701973
"Caqueta1",19.8953911482,30.9963259141,25.2784821454,0.592750309214,119.775257203,338.49971786,2860.74440993,28.4673829405,111.761948189,138.031098065,1549.648015049,0.0678338120309273,111.776944342,147.346262361,1601.462868706,0.0759946086168035,1932.7822114973,3026.84753272,411.82589738,13.6057694656963,14.7690330666,0.035456727677471
"Chapare",13.3798926742,31.2440604927,23.5440645581,1.95406618424,82.2934791446,420.672249776,2619.74615822,54.1804211725,87.4767054232,155.610700057,1477.9671518013,0.189999272579369,95.4243434426,169.738068136,1663.4868281976,0.186841485983111,586.5705797668,3153.52454849,757.62509307,24.0247089065082,14.2362731502,0.210278132078264
"Coari",21.1698487532,32.0778586129,26.4361556502,0.294037117695,82.1001292299,319.513497344,2517.05985258,39.2987364189,109.734480448,142.155243383,1510.048580866,0.0974664612697391,115.804097066,153.236586417,1641.278777582,0.0814364050970999,1618.77765331025,2828.55835145,74.7882696083,2.64404195762698,14.7392547244,0.0532140779541978
"Curaray",19.6191319724,30.8010834271,25.1875807748,0.504303713229,183.207619354,326.269281466,3020.9590741,18.225397846,115.772255264,151.58601511,1654.665069923,0.0814359662755968,115.772255264,151.58601511,1657.757498793,0.0820253164399928,950.37578630415,2772.4119508,623.244903709,22.4802415647198,14.7719718223,0.00936773134667774
"Curua",20.7812202129,32.4493290519,25.7413993578,0.649141625824,68.4014534392,318.343856684,2023.98198411,51.1149569038,79.6880175765,136.046408653,1341.7222917026,0.168996520441205,120.595267872,162.602737874,1649.850735169,0.0971840563363662,1127.3113531405,2385.82133624,125.922139705,5.27793669174953,14.7726506277,0.00549906572499426
"Curua_Una",19.6185865453,31.578894128,25.3871593837,0.516074181699,41.6401940896,324.253714568,1831.07004222,64.4052031361,63.1512144306,136.893634519,1210.5153243048,0.246009006830278,121.805033171,157.267832666,1649.620099787,0.0862143826074366,977.80501482705,2533.65504846,115.898943648,4.57437738884168,14.7585311095,0.0334765225102905
"Demini",20.963733748,32.0874238694,26.452215887,0.358521986091,81.2029070019,321.501187854,2121.52645674,43.6078139173,91.1466027385,147.63627921,1483.7260809475,0.148039026337679,127.966610514,156.452421062,1736.743509999,0.0599184346774241,1668.0825366985,2830.13120494,349.206800399,12.3388908538749,14.7664724707,0.0309464839993934
"Fresco",16.5378332366,33.2694312246,24.8693422325,0.310732927065,11.6575159605,300.516037918,1963.06231379,64.4349003676,59.0142774231,152.944631457,1357.780808667,0.321273662706032,137.529734958,175.389572451,1866.463242407,0.0804263499401585,818.186896699,2468.24642448,256.05875357,10.3741162564003,14.6712000532,0.146518483005154
"Grande",8.70875354677,28.4191842237,19.6226874297,2.12045107502,21.8502126202,190.52160087,1018.53627203,75.6569032671,45.4717710405,97.7757992806,800.3860452646,0.309115907370658,87.2898039128,163.705333006,1580.5171027061,0.203008569722351,259.47645144185,1948.88697663,890.426102603,45.6889554540878,14.1730815056,0.47987486718486
"Guapore",14.2259238316,32.697971441,24.1148998897,1.02410973983,12.3287253842,265.410482627,1558.86220073,67.9868733839,54.8654563023,152.796018644,1221.1375741837,0.358806674665295,119.470834317,178.536999929,1817.777286727,0.13320979428075,434.96798350815,1393.05755422,297.174654371,21.3325467760299,14.4255596582,0.515724393335482
"Huallaga",12.8636252788,27.7546816515,20.7253535105,0.527158493705,66.4043253053,191.293735113,1515.56482287,34.9759253658,85.325891338,118.164637604,1210.7509168586,0.115747033939669,115.669259707,151.925526485,1642.853472719,0.0871735251813752,313.08707236815,3193.86244015,1150.70979261,36.0287837742929,14.6797111538,0.277817632056356
"Iriri",17.0966678636,33.7051974865,25.2148162777,0.469236193896,14.5085038899,345.646433273,2144.02889886,65.7133093956,66.3729563136,147.126708558,1353.2225014962,0.271597838634293,133.806014363,173.723680431,1833.518270497,0.0910557941383775,943.0406367732,2474.35943698,156.419525855,6.32161696143519,14.6889425534,0.296509538122734
"Isiboro",12.2029947358,30.9623123416,22.8488243322,1.86669592513,76.498264769,435.987716904,2717.62300643,57.3339832326,90.1453304738,155.069409242,1484.4371612388,0.187709610932109,98.8145447456,170.391772275,1671.6326769346,0.176440697962784,528.20450980315,3335.28142233,992.881077999,29.7690345213922,14.2722418549,0.23739237422443
"Itonamas",14.251774589,33.3696996045,24.5196162521,1.95858203511,17.6943026182,177.554407871,1051.81393129,62.0706566862,47.3181315987,108.45443729,874.5851534664,0.332217425957049,102.778132252,184.382701925,1798.581459809,0.191379059849848,189.33828236393,1336.14889908,463.587015701,34.6957600324486,14.2262308294,0.913926427591106
"Jamanxim",17.5885084652,34.1611136097,25.7582178764,0.467250692742,26.3773448041,358.095837746,2343.0810254,61.2331239391,72.849308709,151.454873856,1401.6906672088,0.243465410397345,132.02691175,173.280578566,1812.426322737,0.0926584442148971,1208.07168661875,2339.74039525,63.7262261783,2.72364516626174,14.6966984524,0.169800250259097
"Japura1",20.6088134065,31.0185282308,25.7436859789,0.376730981453,189.741074599,350.192439018,3248.14153623,18.5133163976,115.321273457,147.728181595,1618.446488569,0.0719154080149319,115.321273457,148.21478325,1620.561255429,0.0727530591887038,1936.8271904006,2828.74839679,89.8734681344,3.1771460564109,14.7695844767,0.0155548843611294
"Jari",20.7264879947,32.2122828401,25.5651604376,0.597785578971,51.3091416404,355.040164476,2266.31153536,51.152977458,75.1688963947,138.05996035,1358.597386006,0.188098370100886,115.484690506,161.366840443,1621.377707614,0.104818972120858,1022.6054434528,2683.99073782,191.291453903,7.12712794450145,14.7666023871,0.0397773347955876
"Jatapu",21.7894573912,32.803486961,26.8516927116,0.481315733426,80.5836201986,362.844250724,2178.35652195,50.7999950469,90.3643973352,134.321776171,1400.0406399374,0.128331227890609,123.31352931,158.21471557,1668.709130985,0.075006764526584,877.24671228815,2180.86166822,79.5302908259,3.64673706658396,14.7712809134,0.0149714398074566
"Javary1",19.5379304703,31.6778796709,25.844505563,0.423521309253,102.426559043,276.394513354,2470.40571727,28.6615997133,118.308559541,152.088688565,1630.645845668,0.0949079531738584,119.327336616,159.273553152,1703.168089879,0.0858437720261767,1151.7674875521,2667.93571269,140.767255315,5.27626114247965,14.7256162817,0.106151644502144
"Jiparana",15.5078366558,32.8970238698,24.34529632,0.530239079839,9.28178230512,323.841591617,1961.17775829,69.0862931606,58.3854915056,156.87049842,1302.4850294007,0.319856763364969,123.969271764,169.233964089,1775.416793157,0.106960098893248,1024.36878061262,1974.7705758,303.177614984,15.3525487314484,14.571234438,0.352238582627216
"Jurua1",18.781227845,31.8752196426,25.663258429,0.497572075993,62.0330563308,293.919937001,2256.59712737,44.3041613196,96.9711480647,150.551448879,1491.3062747353,0.162741478783196,120.609897605,160.479848516,1716.315850168,0.086671519637628,1150.05117853265,2468.83631526,184.639009406,7.47878700036682,14.6777691451,0.301570430255588
"Juruena1",13.9707321399,32.8692232653,24.195265605,0.765159477025,6.94582113945,347.823647904,1997.29753082,72.5458680146,55.4886612697,159.612671506,1310.4129261534,0.351418086642049,128.904146555,175.614337476,1826.260854143,0.101364784759123,965.768150731985,1693.50686007,522.357161403,30.8447030076636,14.520561906,0.568993561812924
"Jutai",19.9171812461,31.401594451,25.6698232144,0.342280086811,103.547326404,317.513496123,2671.60823618,32.9456774236,115.488368796,146.953540619,1594.17391731,0.087488255529374,117.021430207,155.606785687,1666.878267698,0.0818037557933233,2182.82679287575,2618.6981427,131.379383602,5.01697318449013,14.7385830856,0.105722915810843
"Luna",21.7414717213,32.4967971265,26.8291571288,0.392106750042,76.2224889733,308.80083003,2392.059349,40.8947574116,103.7585655,136.243295554,1459.226639124,0.0877156486827587,119.202873467,151.410362347,1627.961625072,0.0772278847836144,1493.9461227279,2756.54342272,154.699065844,5.61206707534292,14.7440087361,0.0706185912255104
"Madera1",21.6498302908,32.7522062196,26.9642418127,0.398162462159,82.505091276,278.440693514,2216.04293184,39.6108613889,103.350610036,134.945234382,1437.306852581,0.0893680931097838,121.59196404,153.072011742,1637.065773781,0.0803551768364381,1484.22017574145,2682.14761069,145.607006853,5.4287469590662,14.7468773097,0.0493082943693245
"Madera2",20.0145970866,32.8865349992,26.3995089748,0.414360576136,44.9069234546,357.245021551,2568.21790605,50.8371160456,92.9847782203,147.544410497,1460.2543510297,0.149747075365004,122.302171422,157.99637187,1685.130285339,0.0861744734225504,1854.1952214224,2905.17389741,106.457670543,3.66441646188231,14.7060773226,0.122162866302159
"Madera3",19.7427035194,33.2482180946,26.3668681123,0.44520267508,36.3162993246,343.376821898,2416.63148774,54.0927390686,84.8744667615,149.61420192,1428.565810524,0.183890950604503,122.185389264,160.10184856,1708.212495558,0.088705239780855,1564.9364404665,2771.68783179,181.352751223,6.54304388621858,14.6925367138,0.104667424673208
"Madera4",18.7518285372,33.1073201439,25.9691906475,0.576152398082,22.6719724221,298.900329736,1976.95041966,59.8956834532,68.9983213429,153.662440048,1339.3006894488,0.26802367943213,124.914508393,162.450089928,1736.49079736,0.0965690380641816,921.303901169,1951.36465942,204.155984138,10.4622159242487,14.615425602,0.164623397592387
"Madera6",19.0271782574,33.7814708233,26.3121822542,0.625876578737,13.3963229416,265.156514788,1650.2745004,63.2131095124,59.1960031974,152.58705036,1259.2423661072,0.31082537086061,121.898321343,167.306954436,1756.351718625,0.109544102537791,652.27239191581,1707.40544473,58.2166720055,3.40965716052909,14.5896239906,0.0677957746340331
"Madre_Dios",14.2810154139,30.0097232751,22.6929655762,0.983830699555,70.8253088939,344.642162484,2338.03388601,52.4329633733,85.4621843839,146.554486494,1399.5041822978,0.183160911596546,106.887061766,159.980303354,1645.676638094,0.128704041224356,1663.03638870285,2827.19392757,1068.8051762,37.8044521734895,14.4890012368,0.296595299458964
"Mamore1",18.1459354437,34.1847718899,26.170546401,0.727887163884,15.5876422824,260.748813168,1601.31215059,63.7370089998,61.3303700717,150.755576736,1255.8216544154,0.316975261831713,122.488956504,176.470737027,1801.515992448,0.128079093212054,573.11745207032,1450.05169543,320.92283233,22.1318200820994,14.5255477796,0.255564762964982
"Mamore2",16.3274427345,33.4747374923,25.6563888925,1.46333714008,41.240390049,300.483526737,1826.512649,58.0857240482,80.1313655658,157.140998515,1350.8760989833,0.251963714111358,110.192001892,177.449463157,1764.799482211,0.160352878917576,622.1864915688,1393.98500198,580.130568271,41.6167008573973,14.3876906426,0.387679367197044
"Mantaro",-2.94082126774,15.9468427679,7.65703113651,0.902525398286,10.721659968,147.033073459,857.668006392,67.3823059416,42.1321243523,84.8272480752,705.315626362,0.244322095429859,79.2968379255,113.527335238,1174.5751053212,0.120940506917336,173.57438404286,1392.34034563,703.39935559,50.5192108953597,14.5053152967,0.219503353648877
"Maranon1",20.5933330374,32.3048382085,26.4632473701,0.39610142483,111.209219229,239.060388832,2190.20342669,20.4254294465,119.121066181,153.645079675,1647.719339518,0.0805290789510464,119.347174753,160.913578055,1728.095121845,0.0929166708854931,548.99067900765,1821.42693915,186.812159208,10.2563630301405,14.7428149813,0.0584040099768026
"Maranon3",19.8736496108,31.2685019935,25.4025180368,0.437235784128,150.311254035,242.625284792,2373.7669926,14.517680843,112.132475793,151.6995206,1628.364771217,0.0894831695540995,112.186064173,152.891375546,1646.661002469,0.0922981501424009,573.6509912486,2680.05847603,527.859310185,19.6958131662457,14.7478568051,0.089938535621075
"Maranon5",7.77259318151,23.072166372,15.7379818606,0.555737459856,52.155482096,162.721015137,1215.80283075,42.3917023213,64.7307334219,94.4792296507,938.8777107111,0.123743493655458,103.56407896,135.901896582,1447.954745639,0.0864179677543835,187.53599809635,2668.47496265,1082.11912773,40.5519685541802,14.699068404,0.298236638253691
"Marmelos",18.9148493455,33.3345579155,26.1180322302,0.470648215609,28.6533094591,359.062978513,2391.92902569,58.7508026673,79.6284576439,151.161397876,1403.9315571741,0.210097886524374,123.444122005,162.439151642,1722.733020498,0.0927781684822809,1668.53294568425,2678.77503911,348.411480296,13.0063732567762,14.6763908659,0.121184772838968
"Maues",20.6398505241,33.1583408826,26.7303222467,0.428692442086,63.708327941,314.562346318,2253.57942927,49.3260968034,93.4922997282,137.267018248,1403.652031837,0.133038521553882,124.828232173,159.457907338,1688.459201502,0.0849239065897507,1492.6630074164,2462.3686411,115.698492964,4.6986666022645,14.7406881445,0.0718415364784125
"Napo1",20.500124877,31.5659729055,26.161704382,0.431768485582,205.73480663,316.179141754,3093.11999546,13.2843411791,118.612919095,151.265874518,1684.302315901,0.0772534691233493,118.612919095,151.265874518,1684.678157875,0.0773446775304515,949.154706683,2577.00387124,139.925180197,5.42976212642129,14.7658706308,0.025559710967585
"Napo2",16.5950558574,27.9482033756,22.1518272532,0.475300904357,166.863379169,316.704479874,2872.59120146,20.1094739897,109.112069382,139.692341173,1522.602953265,0.0730259043501269,109.848757919,141.225267196,1546.825334902,0.0755613073158708,1128.0944686216,3068.51321543,711.464518824,23.1859688674764,14.7727990423,0.00620441844744879
"Negro1",21.9579562986,32.5848896244,27.0194833245,0.37826630389,101.941048872,330.396323619,2305.29336251,40.0838779651,111.127813152,135.314586781,1487.813469468,0.0571453989215775,123.779650875,153.639103157,1672.478742999,0.0645593389746291,1069.61988102765,2448.76052815,160.442810598,6.55200084914845,14.7698823841,0.0201672476146228
"Negro2",21.5617436853,32.2849563497,26.7739681062,0.317012548015,120.132627168,324.076382261,2414.90527296,33.7703876149,116.977255267,144.260388779,1571.976533583,0.0673997920211103,125.561261786,155.56182051,1706.414107787,0.0622150184644533,1368.33176283615,2588.89054143,316.746432703,12.2348329384386,14.7728233521,0.00477166581997202
"Negro3",21.049582092,31.5399598153,26.1947438699,0.380725560098,172.952464933,347.552148746,2888.48106974,22.604502195,119.238349279,148.518797987,1638.62063275,0.0646310486693338,119.238349279,151.237965068,1657.344208808,0.0692624756531503,2241.7986810392,2845.52241286,105.026821199,3.69095041122656,14.7721887453,0.0125839207201536
"Negro5",20.3667436754,32.3442506129,26.0322109815,0.443580751408,165.13885147,403.11003718,3224.972095,27.9656222216,126.901413099,158.146718485,1746.2539133,0.0644771399159731,126.901413099,164.104197538,1766.771883503,0.0687592097297953,2054.21576348235,2689.66576689,190.580643236,7.08566267162496,14.7600178589,0.044401952846068
"Nhamunda",22.3947759857,33.193067503,27.1127270012,0.554168249701,65.2414874552,379.724283154,2234.98799283,54.0778673835,82.3268817204,136.585633214,1369.4162783763,0.143046871717242,120.381003584,160.22625448,1645.42900239,0.0905155704710226,1282.47074365835,2148.36802315,157.39505948,7.32626150566246,14.771661277,0.0099543492929228
"Orthon",16.565713216,32.5348633471,25.154331711,0.990571646075,35.3503307126,268.79196306,1882.84575066,54.6362411082,78.7354548858,154.500935979,1366.0070136026,0.246530427552864,115.920454262,167.383426931,1730.296593036,0.121467622899439,898.185780285,1904.59007621,257.646646789,13.5276692873303,14.539411003,0.109512803233326
"Pachitea",14.2214500102,29.5616225195,22.2510359297,0.514103738672,65.8857417606,284.578925897,2055.58941632,45.3567619547,92.9345222484,145.31299356,1433.0002914003,0.172557131763209,118.953550718,161.743887869,1720.774339249,0.0987879021707741,607.00057947925,3461.16146868,652.907626176,18.8638303091073,14.6005479495,0.132409514800861
"Paru_Este",20.681953988,32.3885709315,25.5878403062,0.632364138471,43.1644776898,347.843741846,2028.74449856,55.2528920588,67.5559493781,136.828563973,1312.3860137436,0.229057852562354,119.232517178,162.658019483,1643.424784727,0.0999337595170932,956.22123412325,2571.72789504,210.211725862,8.17394897288426,14.7680362748,0.0423988589846201
"Pastaza",15.8232112926,27.3143056201,21.3733354874,0.461283224621,141.803025101,237.891677942,2286.39409116,17.8091641592,100.377996325,128.672428765,1423.259274219,0.0769761539818621,105.16793554,139.207597084,1521.16250328,0.0865828252704747,879.9593177804,2544.43593117,814.366860631,32.0057915648335,14.7645394501,0.0579563449219681
"Purus1",20.6841885771,32.5562541427,26.39379557,0.358583061754,60.9897398365,330.07682004,2407.56936312,47.0724701723,96.6122818162,144.636157755,1456.1247928637,0.137944519368604,118.865085064,154.712425431,1663.602643063,0.0813214382201944,1276.34052262295,2791.00755539,126.957012955,4.54878786371683,14.7198599813,0.148807527067696
"Purus2",19.6010322034,32.8879977858,26.2638956726,0.422700530754,32.1083650809,331.524632868,2291.23613689,54.8669206473,81.9176516558,152.11917554,1420.1175800223,0.209927199130874,122.211487741,157.448699163,1710.625899516,0.0833072384882754,1128.82339489575,2431.12557005,207.261682643,8.52533843567518,14.6797441334,0.135667724446143
"Purus3",17.7701260919,32.1926490473,25.4741614051,0.613183580116,32.5388761617,295.360384422,2044.82824682,55.983997318,75.8792609562,155.060032408,1405.8741055299,0.251648402789023,122.914875864,164.492518299,1759.278728281,0.091749774856901,887.2597618237,2015.84898587,220.903096738,10.9583157412291,14.6305506774,0.255560531406085
"Putumayo",20.0972930072,30.8934826667,25.5128702628,0.486678406417,168.974602455,320.525950282,2931.93219054,19.8541200147,113.989738938,146.009198107,1616.491609739,0.0714689659300806,114.006221832,146.475176451,1624.486011508,0.0730027634200104,2094.1610850375,2819.27552739,339.067833653,12.026771784413,14.7685857988,0.0277587287909659
"Roosevelt",15.0781094527,32.906892886,24.2151904296,0.493330129977,7.00969511417,339.912573883,2022.02310385,72.4369746708,54.5672633981,155.425933013,1284.3093648558,0.337589464979918,125.632223498,169.146886649,1777.812660345,0.102177323044794,1372.74769547885,2153.79647526,249.209307815,11.5706990273961,14.5844333811,0.309880625716783
"Santiago",13.2757379596,25.5573795961,19.0181149663,0.503303392025,123.082729156,234.182936302,2050.0449508,20.8214137752,96.5502330399,123.677472812,1353.3025116527,0.0754505287852302,101.317581564,136.04337131,1468.924158467,0.0948348617572142,717.70779673245,3164.12531417,818.325047273,25.8625991710338,14.7591368874,0.0448547753677364
"Solimoes1",22.2672201579,32.5117007277,26.9881250968,0.391366233163,89.1863291531,308.566651184,2390.31429014,39.7411751045,108.369987614,138.357330856,1472.97840223,0.0840234374554023,119.418447128,149.298343397,1624.33139805,0.0689730920641931,1366.5794980185,2609.06839621,116.951671659,4.48250692963385,14.760725112,0.0187616151453739
"Solimoes2",21.665726529,32.1184521491,26.5497052331,0.351396390079,106.829684457,311.124918842,2514.39436437,34.1616673159,117.212907415,140.922919101,1530.394182572,0.0659682496755559,118.495883651,150.242487989,1631.022750291,0.0711331513812211,1514.59629273375,2761.36166965,94.032899064,3.40530905811837,14.756865037,0.0534433525974247
"Solimoes3",21.6637986695,32.127465271,26.6358344747,0.315365975347,120.974026609,300.661171982,2547.75009783,29.8733613774,118.353991391,143.277489728,1550.458961065,0.0635475199781363,119.15363921,151.126394052,1643.240315008,0.0712943415850146,1681.7999790166,2832.95782764,79.0058736426,2.78881220439543,14.7593119831,0.0401544655738432
"Solimoes4",20.7864042686,31.3976959324,25.9707366087,0.342564617837,164.228501143,331.225521447,3020.22053219,21.5552283279,116.608412445,150.220393597,1628.880500311,0.0719383209843055,116.608412445,151.703901324,1637.438812279,0.0750413186273767,2152.966501714,2830.33438573,93.2944851517,3.29623544207613,14.7642135686,0.0248798052260112
"Solimoes7",19.9339365061,31.1390727315,25.6068229654,0.342974304256,122.561447615,297.072614593,2653.52633887,27.6313727783,116.806097989,146.912155051,1622.172795838,0.0788937344172793,117.243890318,154.297591207,1665.689926333,0.0790937637418138,1789.6233615889,2737.00563697,102.06569966,3.72910082030345,14.7476135516,0.0799456525955745
"Solimoes8",20.292692888,31.3586571979,25.9444904011,0.422267806045,157.97305031,314.696191665,2823.63982103,21.1202070652,116.076817023,151.878674367,1659.935903439,0.0794100750974344,116.076817023,151.94141824,1662.691691379,0.0794574003344471,974.96516100545,2747.0381912,120.187060792,4.37515070511263,14.7566167935,0.027710355631727
"Solimoes9",20.3912203985,31.8432605549,26.1530317495,0.431187663597,175.31734056,285.722692699,2806.7909648,15.2851291842,118.619499276,156.906014227,1693.031164352,0.0867771981367033,118.619499276,157.778338928,1697.944107414,0.087901334861093,865.13325500525,2451.57166475,187.283991483,7.63934394314752,14.7555164873,0.0382124510087667
"Tapajos1",20.7533313265,32.7920710415,26.4186172988,0.527342604857,56.7017660044,323.95777644,2066.68793899,56.5914509332,80.070158539,139.948003211,1324.7572345989,0.182726418317864,124.77332932,162.955990367,1692.245193659,0.0891638607968274,1078.79580444535,2422.91613628,162.389773133,6.70224489826229,14.755419965,0.0612005491136152
"Tapajos2",18.2221322906,34.0991647378,26.2362871807,0.422516813065,30.5709110252,338.825313762,2291.93292025,57.044911514,77.7330180135,142.720481893,1397.148737043,0.201709759701383,130.08172918,170.003507814,1765.042266279,0.0899890145905132,1338.6855036248,2460.86840133,180.622822987,7.33980016523357,14.7040771547,0.136958417248667
"Tapaua",19.8546930506,32.1450138448,26.0826879179,0.345701600594,63.211021814,344.327709867,2584.33124873,46.6049841291,101.327871952,150.105423111,1517.804403323,0.138519820942805,117.716647532,157.866360505,1694.72779091,0.0858270715445806,1313.88259542755,2310.13351726,205.182192554,8.88183263092785,14.7077509568,0.075986937484367
"Tefe",21.1585481492,31.99157477,26.4494591557,0.304901980754,96.1785839713,327.113647538,2622.10809862,35.7272248367,113.433483178,143.498946407,1551.918381681,0.0820469875753272,114.442017279,154.416239376,1639.139917116,0.0848768240612439,1870.0586800583,2760.13300219,123.31218152,4.46761737286425,14.7449968551,0.061417843992267
"Teles_Pires",15.0968104954,34.7528454801,25.068866086,0.702734536726,7.21552922722,357.567842331,2138.52042756,71.7610010576,54.9906239973,162.85516512,1360.419888059,0.352695130459818,138.187793371,180.236533137,1903.619273685,0.0937513256319058,999.41432656745,1646.16369814,513.319085186,31.1827484572767,14.5687549414,0.517360646775056
"Tigre",19.9054919044,31.3868719418,25.6521104348,0.477329335243,172.857520786,278.255102041,2703.31276604,13.9348967657,116.988443331,154.272944265,1682.735489517,0.0857632166072389,116.988443331,155.2786132,1688.789931177,0.0879776005347453,833.53370448535,2229.48547631,325.788774125,14.6127336368304,14.7634110994,0.0445428247927558
"Trombetas1",21.297435348,33.421640172,26.4169755856,0.622338935837,76.6730303071,387.592555143,2241.3675153,53.9093867602,87.6891681956,136.848277063,1399.5694665801,0.156865044746166,124.385534827,167.903540961,1699.977862299,0.0943264835154261,1102.39256236615,1974.40639814,193.981638333,9.82480802917482,14.7690782163,0.0303303239067158
"Uatuma1",22.1293555232,32.7176700667,27.0125162973,0.435387529719,88.8972569471,363.860495437,2335.43523276,46.2698570954,96.7436153079,138.001840632,1448.7328015979,0.0931889021560429,121.869647468,154.760027609,1643.724569881,0.0744376297608577,1130.5191662713,2283.28996073,99.9737157831,4.37849408102057,14.7710365937,0.0152239085207406
"Uaupes",20.6859842625,31.7753294212,25.9142331288,0.568132648706,156.760069352,371.974566551,3186.47860763,27.163443585,115.229234463,142.29245132,1588.108775674,0.0653729100998214,115.229234463,154.056441718,1630.694131769,0.0788692477176878,2448.85874214,2878.03031786,133.417192826,4.63571186161806,14.767531042,0.0278053663920648
"Ucayali1",19.1316616462,32.9824813938,26.2312554132,0.498965416542,86.3426383683,265.309127979,2186.08350771,31.948638353,112.566166157,155.279541953,1598.590202886,0.119887771588409,125.058259943,170.066568558,1811.640108227,0.0961772999609677,426.7616339526,2277.86999652,523.489816789,22.9815493240948,14.6833017357,0.22421607483387
"Ucayali2",12.1359871773,28.1497870627,20.6933346755,0.60783971629,47.7934121072,225.030213866,1602.81190281,47.8501386028,77.3845724993,137.017638951,1276.0065042671,0.218011634670284,114.984947269,157.353088752,1661.955476747,0.100436427519263,500.428948985,3218.62524499,1074.09666872,33.3712870236105,14.5660931118,0.229324421944274
"Unini",21.5598272679,32.1331820884,26.6398754576,0.308266420503,147.76965923,335.429952749,2703.30425259,27.5765247051,122.977563601,146.185061176,1634.140376129,0.0492365070583971,122.977563601,153.228588416,1676.288481397,0.0644624763622879,1466.6886596686,2735.3012479,99.3017408252,3.63037676019919,14.7708531942,0.00801431449745117
"Urubamba",8.59731259238,27.1192975294,18.5401295136,0.881156204688,33.7696346871,209.175195326,1403.74162033,58.6073344126,64.2609980995,130.694840572,1138.214767369,0.262804980952814,109.650834096,158.016231435,1620.838994861,0.111165738762242,417.925401302,3019.25631557,1184.63645528,39.2360346874477,14.502332229,0.357118567680691
"Xingu1",20.6825812832,32.0141570858,26.0123233197,0.486032657518,34.1337000865,342.82680183,1989.64476449,67.4600280216,59.3070218816,136.905221082,1236.0094778906,0.255867096455605,123.161041744,156.218877488,1652.328882845,0.0794281329593486,1001.15447912195,2491.37116597,224.640023696,9.01672246851014,14.7632762472,0.0384619957761539
"Xingu3",17.8783694403,31.8795401892,24.834897869,0.360061844549,25.7509947829,301.923423822,1867.62663365,62.8023167389,66.0002299054,146.033689981,1285.6433990617,0.269203180950482,132.380758688,163.91350252,1760.516526659,0.0712690391031861,846.6825381913,2690.30558239,136.802876116,5.08503112105457,14.7251125296,0.102541664537012
"Xingu4",16.0077252806,34.5964104757,25.3489203634,0.502303613041,6.4731373597,336.892602886,2073.44901122,71.6246499198,52.9777872795,161.027044361,1358.5196258684,0.359208748887073,139.760972742,183.290732229,1920.377316943,0.096967200130586,853.0617962307,2136.91545332,379.697321376,17.7684765574645,14.6175580167,0.308577477784371
"Xingu6",13.8091204344,34.1852815802,24.720718572,0.969210167083,2.9506806389,320.640174822,1866.71605369,77.3917638253,45.3740849752,161.308615506,1292.8966101266,0.417117221193958,134.022030372,185.431606257,1916.08505766,0.103972046556059,691.717294516455,1173.29721174,287.7973438,24.528937844589,14.4816769862,0.328541847744835
"Yacuma",16.5630482753,33.0237118191,25.4452479579,1.36017049282,44.3626263017,282.18636522,1736.41028222,54.5933955325,81.7330339515,154.214858116,1331.0992605784,0.236686185934085,108.234408269,176.379931091,1736.972784638,0.159165336151808,636.9866774873,1835.6763559,858.535874744,46.7694575890027,14.3874663382,0.208572755791096
