"","id","BvNiv2","roqst_mn1","roqst_std1","roqst_cv1","roqst_mn2","roqst_std2","roqst_cv2","roqst_mn3","roqst_std3","roqst_cv3","roqst_mn4","roqst_std4","roqst_cv4","roqst_mn5","roqst_std5","roqst_cv5","roqst_mn6","roqst_std6","roqst_cv6","roqst_mn7","roqst_std7","roqst_cv7","roqst_mn8","roqst_std8","roqst_cv8","roqst_mn9","roqst_std9","roqst_cv9","roqst_mn10","roqst_std10","roqst_cv10","roqst_mn11","roqst_std11","roqst_cv11","roqst_mn12","roqst_std12","roqst_cv12"
"22",22,"Abuna",99.627272866,8.8396923453,8.87276354255878,131.054545316,10.8505855916,8.27944239967943,147.336363359,9.3748478506,6.36288804533422,103.545455933,6.44689748876,6.22615201282374,54.1999997226,3.87087027996,7.1418271213495,22.6545453505,2.05043844153,9.05089203869079,12.5727272034,1.84000540202,14.6348948183845,9.86363645033,1.06367508552,10.7838026155598,14.2454547015,2.06589803272,14.5021557823807,21.5545451424,3.54769182472,16.4591356546018,36.6272726926,6.89084930101,18.8134381689909,59.254545732,7.39193191131,12.4748773617178
"45",45,"Amazon1",70.5,11.5210677449,16.3419400636879,133.175003052,4.13906320044,3.10798806501536,225.775001526,15.0544657498,6.66790638823951,258.825000763,12.4343025721,4.80413504701804,253.249996185,25.2620729391,9.97515234734534,160.225002289,12.7069611177,7.93069804098382,99.7000007629,7.74983991888,7.77315933759134,46.7500009537,4.53348628772,9.69729667430349,22.8750004768,0.617960590063,2.70146700407609,16.9250001907,1.9778460434,11.6859439947705,15.75,2.57536403527,16.351517684254,24.8250002861,5.59704189893,22.5459892625415
"46",46,"Amazon2",34.8692312974,7.27454889061,20.8623724124151,65.9384613037,12.1956202126,18.4954576911179,125.738462008,26.8925371639,21.3876778309798,184.453845684,27.4841118688,14.9002650320909,212.015384381,22.8870437438,10.7949919816531,135.400001526,19.0319164648,14.0560681316871,75.6461533767,16.4525237005,21.7493196495667,33.1692308279,7.43364331109,22.411262261883,17.3384613624,3.66218471619,21.1217399263107,11.900000132,1.8929017638,15.9067373344799,11.6384616265,2.31667483258,19.9053354895727,19.1307693628,2.33843621914,12.2234300920857
"47",47,"Amazon5",49.7400001526,5.42018441875,10.8970333778068,105.059999084,17.2318991546,16.4019601226365,162.580001831,19.2915934061,11.8659079768946,186.079998779,12.7869328499,6.87173953880263,180.319998169,16.855787833,9.34770852049498,102.23999939,6.99016547841,6.83701635379088,55.9199996948,10.7242520659,19.1778471466931,26.8800003052,5.8115062081,21.6201865406071,17.2599998474,2.89316423681,16.7622494924055,14.8000001907,1.95038471242,13.1782749141151,15.4800003052,2.07016932878,13.3731866147612,33.0200000763,4.28644372395,12.981355887478
"81",81,"Amazon8",63.7666670481,7.7990748441,12.230645265209,116.13333257,8.72499716588,7.51291379726915,172.333333333,16.939069227,9.82924713367472,176.483334859,8.19723661324,4.6447652520784,149.58333079,9.75489989964,6.5213816593875,90.5333340963,6.49067762722,7.16937876198825,52.116666158,6.01315628668,11.5378759425059,26.25,2.84531776893,10.8393057864,16.9333335559,2.9089899078,17.1790740328648,13.4499999682,4.2703437027,31.7497673813861,14.3833333651,6.83920479791,47.5495118155627,17.3833333651,7.78126294259,44.7627781114306
"82",82,"Amazon9",79.0999984741,0,0,124.699996948,0,0,183.100006104,0,0,181,0,0,140,0,0,77.6999969482,0,0,42.2999992371,0,0,21.3999996185,0,0,15.1999998093,0,0,11.6999998093,0,0,12.6999998093,0,0,13.8999996185,0,0
"51",51,"Andira1",65.1200004578,11.4063840253,17.5159458616585,145.710002136,21.7201974941,14.906456094776,199.28999939,25.5911874199,12.8411799378951,187.78999939,8.37537490197,4.45996854421205,146.18999939,8.52953059525,5.83455135839713,86.8,15.136645021,17.4385311301843,49.2799991608,12.2982759849,24.9559176021308,27.770000267,5.79552432403,20.8697308905575,18.2600001335,2.67477102594,14.648253047013,15.2300000191,2.15408898297,14.1437227857423,16.7700000763,3.42579928384,20.4281411344862,29.1399999619,9.58146088239,32.8807855007467
"29",29,"Apaporis",86.2666667302,47.1576201359,54.6649382934732,78.5166653527,39.620409818,50.4611468661125,125.011109458,56.8914049649,45.5090793222772,182.688888974,44.9042305147,24.5796177134181,235.350001865,33.9042330657,14.4058775428215,242.149998983,13.094536565,5.40761371876747,232.422221714,17.7039720427,7.61715980173577,186.466667175,13.6858816409,7.33958612991979,135.505553775,8.63934572883,6.37563958682844,140.361110263,7.34522727312,5.23309288403103,118.461112128,9.39527882172,7.9311080682479,98.8222226037,31.2725924042,31.6453036374322
"97",97,"Apurimac1",23.2250000238,16.4251593518,70.7218916467952,37.6200000763,17.3679182021,46.1667149571366,41.8099999428,19.6644323028,47.0328446058426,19.1499999285,11.271889818,58.8610436557997,9.55500000715,6.87026033298,71.9022535618942,5.90999999046,4.35153982145,73.6301155410205,4.72999995947,4.03808115271,85.3716952919905,3.65499998927,2.88971884561,79.0620753513915,4.89500002265,5.04989867435,103.164425964929,7.02500012517,8.03802713074,114.42031298961,7.27000005245,7.14871332525,98.3316818937418,16.2350000381,13.0513321566,80.3900962486688
"91",91,"Arinos",138.19047728,28.5951206027,20.6925405900154,187.290476118,43.6323262661,23.2966070515033,247.142857143,70.8626555505,28.6727508007638,112.342856998,25.0343864705,22.2839147405212,40.8380952563,6.72447355255,16.4661782346781,15.1904760542,1.83922983168,12.1077826996177,8.70952383677,0.813519553476,9.3405743955998,9.347619034,1.32255853655,14.1486140132527,15.1619046302,3.67818228806,24.2593683166538,30.4952378954,8.704759137,28.5446506987671,58.9619051615,15.5405607994,26.3569515890532,107.771429153,23.7862928074,22.071056303458
"92",92,"Aripuana",171.069999695,17.9506024751,10.4931329321939,215.256667582,8.83703125641,4.10534612269031,253.866667684,9.68690936855,3.81574684732056,169.730001577,23.7289720902,13.980422948052,85.9233336131,23.9687820338,27.8955448140872,29.5900000254,9.98112748784,33.7314210181555,14.3633333206,3.75335255346,26.1314868191279,13.4166667144,3.05189380029,22.7470344553944,17.8100001017,5.96687229937,33.5029324272741,34.1199997902,12.1018566558,35.4685132772947,66.283333079,12.1332348435,18.3051066986009,118.299999746,22.9887075769,19.4325508252398
"15",15,"Bacaja",114.309091048,9.97656000836,8.72770478436462,188.381820679,10.5143038964,5.58137927455125,234.818181818,10.5130073078,4.4770840257797,222.672726718,10.2505075086,4.60339605109411,102.154545177,17.7951141824,17.4197967908006,40.8272725886,9.93003662504,24.3220670778109,20.4545451078,5.34081410761,26.1106471909432,13.5909090909,1.45004981589,10.6692628593984,15.7272727273,2.90175210261,18.4504468951761,27.4727271687,6.93254411692,25.234277159125,35.0545454892,8.0208097719,22.8809407167214,63.9454539906,11.9996486671,18.7654444815795
"33",33,"Beni",91.321950866,33.7914376502,37.0025358960886,114.602438671,31.5592855889,27.5380576145506,112.463413797,36.0259300058,32.0334665199012,67.4585362411,24.6542428938,36.5472544581824,42.2560974912,17.7955057135,42.1134623641144,26.0902437582,14.8823646844,57.0418767349483,18.460975647,12.1020837155,65.5549519532931,17.7829268967,9.24996769416,52.0160024718795,18.4634146574,9.65552431532,52.2954420646678,26.0219512335,13.7034180751,52.6609936055009,32.4999999767,15.4123327179,47.4225622429214,59.8731702944,28.1745347131,47.0570283393448
"37",37,"Blanco_Baures",45.1880000305,7.25122442312,16.0467921090239,54.3759997559,8.73009879013,16.055058903414,58.5080000305,15.2137808902,26.0029070935071,31.8279998779,9.52245848977,29.9184948042619,18.1839999008,3.68083466741,20.2421617217896,8.32399993896,1.61152842129,19.3600244246439,5.09599995613,1.31437589652,25.792305883734,5.44,0.868562016848,15.966213545,6.51600000381,1.19789153243,18.3838479393735,10.0959999466,2.05006925102,20.3057573480911,18.6880000305,3.74980742601,20.0653222382817,30.4280000305,5.99923466527,19.7161649114519
"11",11,"Branco",26.9786884902,22.5331890366,83.5221810162683,22.9737705637,20.2625304152,88.198540849085,30.0655738721,22.8676226904,76.0591591821253,52.0491800621,31.803441063,61.1026744802805,104.885245651,49.5921519385,47.2822956467254,163.768852234,65.7070565682,40.1218276075569,185.5213114,66.8025103702,36.0079981464598,137.257376124,65.6270080328,47.813101114152,78.5360660866,52.6876204377,67.0871652516979,50.8245899951,37.0899332751,72.9763551042435,41.6770492304,29.3854397886,70.5074863293482,31.3295082186,24.0948018418,76.9076924976919
"21",21,"Candeias",136.412500381,18.25503017,13.3822267893439,158.425001144,19.591119711,12.3661793085251,175.862503052,16.290407712,9.26315014814907,124.125,15.2498973468,12.2859193126284,58.2375006676,10.1298987271,17.3941165245364,21.3750001192,4.93020023841,23.0652641446372,11.4499998689,2.74089384837,23.9379378144335,13.2874999046,2.78766804732,20.9796279761773,21.8249998093,4.05763169724,18.5916688783245,37.7250003815,6.88962076564,18.262745383612,57.9999995232,6.46335765527,11.1437201869022,94.9624996185,12.308934385,12.9618896242723
"52",52,"Canuma",156.554546356,36.9737720493,23.6171819406783,216.931818875,15.4231933478,7.10969622980348,255.327271201,10.281764076,4.02689615865825,205.536363775,3.86011483096,1.87806904825156,125.563635393,11.1764578642,8.90103080340016,48.6818181818,8.01116502995,16.4561746647027,21.7681816274,3.91133371672,17.9681233079971,15.5045452985,2.87883780675,18.5677022532774,15.700000026,3.99897718184,25.4711921988375,25.2045455412,7.06350949966,28.0247445371066,53.3363638791,21.0603366459,39.485887515014,90.8909092816,43.190391929,47.5189348091861
"73",73,"Caqueta1",80.2612247078,38.9293489907,48.5033079577675,73.6877553512,30.6630246761,41.6121030284588,118.344898068,38.948354209,32.910885762579,173.38367322,37.0356115467,21.3604954024171,216.863265213,33.961519027,15.6603373990719,217.140817136,32.5380785892,14.9847822341116,195.65918467,32.1967862685,16.455545556322,150.436734491,24.5498883147,16.3190781811132,113.867346783,16.4011743707,14.4037556279907,124.902040832,14.1337419095,11.3158614665958,112.730612307,11.8407497681,10.5035797515709,91.8632647456,25.2371742182,27.4725422486237
"95",95,"Chapare",115.757141113,44.1214816882,38.1155592337318,103.614286695,35.5659737735,34.325356963748,99.7142857143,39.7190643948,39.8328726022292,61.0714274815,26.0174506998,42.6016744207941,49.314286232,21.5708424556,43.7415688308243,47.228572028,19.4341910209,41.1492242648755,35.8571424484,14.5239561156,40.505057357821,24.6285713741,7.39415098811,30.0226548905141,21.1285712378,6.11899000624,28.9607372754711,32.3714287622,11.5845603699,35.7863733942669,35.5571428026,10.7806517587,30.3192295808191,75.4857145037,27.2649135751,36.1193025122172
"8",8,"Coari",149.409999084,12.1463942838,8.12957255757104,140.430000305,8.16370687436,5.81336385147706,177.280000305,9.10953353877,5.13850040788446,185.380003357,4.06517064861,2.19288519527179,151,5.84722271063,3.87233292094702,82.1700004578,5.77599438239,7.02932256323447,41.5299995422,3.80684887193,9.16650352490791,27.8500001907,3.07351599697,11.0359640069099,31.2100000381,5.67105804038,18.1706441315507,49.0000003815,6.41887871692,13.0997523815193,67.3200008392,5.13279736906,7.62447609191235,110.38999939,6.45437147418,5.84688061404654
"30",30,"Curaray",83.0625,19.1447720984,23.0486345804665,77.5999994278,19.1771990548,24.7128855621226,117.325000763,21.9246306733,18.6870918650906,170.550001144,26.0238827564,15.2587995202811,203.900001526,25.3465958245,12.4308953579228,208.937501907,31.4082408589,15.0323616259565,182.850002289,15.2886376096,8.36130020137262,141.95000267,8.3043683311,5.85020653392003,108.137501717,10.2507258937,9.47934410444079,104.562499046,14.2653351491,13.6428789281559,98.2750005722,13.6959605377,13.9363627147862,81.3124990463,18.9921984141,23.3570467478631
"2",2,"Curua",40.4857145037,2.00244830548,4.94606141950884,64.200000218,2.15804179362,3.36143580419326,109.228571211,4.13235196151,3.78321524825901,160.214285714,5.6491303513,3.525984169342,219.88571385,16.2070897711,7.37068793025637,131.300000872,19.2415474555,14.6546438139463,72.4142864772,16.6658271544,23.0145568853286,32.1142858778,7.87662541783,24.5268583825959,16.6714286804,2.7932134346,16.7544934999115,12.6571429116,1.08477397584,8.57044898217771,13.1428571429,1.07018984149,8.1427487939191,24.4714284624,0.503457351951,2.05732719168624
"4",4,"Curua_Una",52.5454548922,10.1730807052,19.360534086289,101.236363498,13.3495837302,13.1865500388739,170.918179599,11.2578720476,6.58670252281687,199.418179599,11.5577447935,5.79573277458499,168.363634976,13.8562920003,8.22997911768488,97.0454545455,11.1672715669,11.507258757456,52.2727272727,6.47387663677,12.3848074790447,28.6545453505,1.74061808804,6.07449208057188,18.709090753,1.55239088689,8.29752181645211,15.9454546842,2.34108116319,14.6818087634072,19.6181817488,4.19151023265,21.3654368499588,40.1818183552,9.20235357349,22.9017848125808
"12",12,"Demini",48.7666667302,8.564201477,17.5615887884673,40.3666664759,7.85656129754,19.4629925714341,59.9583330154,13.7661094996,22.9594600237873,94.258333842,16.5842533724,17.5944690473728,167.366664886,21.6051810789,12.9088914412055,204.933333079,17.7125818438,8.64309459943832,192.383333842,27.0737832841,14.0728319566055,137.833333333,27.3928920642,19.8739241095039,92.2750002543,17.696286733,19.1777693679013,69.3583332698,10.6149619949,15.3045228950477,64.4916664759,8.03590350665,12.4603750310173,47.8249991735,6.10629846794,12.768005381009
"14",14,"Fresco",145.799997602,24.8637432169,17.05332210277,198.071429661,14.0620291834,7.0994737643219,224.092858451,6.40986596673,2.86036155325832,165.792857579,12.8072778496,7.72486706400929,59.8214291164,4.86080295742,8.12552128763406,20.5499999183,1.76017470945,8.56532708733758,11.4214285442,0.696089519089,6.09459242681588,10.1571427754,1.393205225,13.716507248222,17.0714286395,3.01885222958,17.6836531571526,38.6857147217,7.49417502881,19.3719440954423,56.4999997275,16.0325115635,28.3761267979203,103.142857143,24.7108038482,23.9578430660887
"94",94,"Grande",41.4351352228,30.7360449523,74.1787007259174,44.1432435061,26.4936256322,60.0173968379531,39.5351351403,27.1742544559,68.7344418059166,22.864864852,16.9348705274,74.0650366272281,15.6486486776,14.4449864237,92.3082032276502,12.8918918693,11.4409501095,88.7453154702981,9.47567572143,8.62286117602,90.9999606309734,7.38918923687,6.16155408781,83.3860642932997,7.3567567516,6.03093561203,81.9781843503029,10.1378378804,9.05453005834,89.3142124105731,15.4486485752,11.606559555,75.1299344955793,26.6972972251,20.0237894649,75.0030585346079
"38",38,"Guapore",66.906000061,18.9904655221,28.3838004136937,77.8559997559,24.1630557542,31.0355731478086,88.2800003052,31.1103780882,35.2405731543337,49.2179999161,19.0814535101,38.7692582848296,23.6819999695,7.12855355759,30.1011467222821,8.69599998474,2.79263025932,32.1139634799976,4.85800001144,1.86011721445,38.2897737766499,6.13600000381,1.00692803744,16.4101700915054,9.46399997711,1.93057088704,20.3991007154412,15.2899999714,3.6014024499,23.5539729014809,28.4520000648,6.17061571399,21.6878099955585,47.8560001373,11.2878549708,23.5871258325286
"26",26,"Huallaga",51.5516129771,30.4920809549,59.1486457823251,64.0322586183,39.0148563984,60.9300019088344,68.593547821,33.9060072617,49.4303157349147,70.9483875767,29.8140891989,42.0222223749186,47.6451612903,23.6961249681,49.7345886263675,33.3161288231,16.3332847686,49.0251579207341,22.5258063962,10.7893008053,47.8975119271206,18.8903225622,8.36703820216,44.292722766432,25.1548388389,10.3594695104,41.1828101016489,61.5645158214,33.7696608677,54.8524753539304,42.1677422985,20.2739848583,48.0793700425863,43.3419352501,25.6068002928,59.0808881630197
"13",13,"Iriri",130.479592304,39.0908262846,29.9593412228968,195.210203521,34.0469135197,17.4411546658919,239.012243777,26.8680804814,11.2412987957504,181.165306247,14.8448649427,8.19409921812545,91.3795914942,26.7776707831,29.3037759802194,36.8816327854,17.9954495058,48.7924425973996,18.3551020525,8.94381703269,48.7265993243107,19.1510204977,6.0181400736,31.4246443124155,22.3938775549,4.48655182134,20.0347251624509,35.9673471645,9.17744337555,25.5160419076117,51.7204080309,15.8317942973,30.6103429962142,90.8571427793,26.320714879,28.9693403004487
"36",36,"Isiboro",113.900000436,56.6574921487,49.7431887022122,110.485713414,44.8999969008,40.6387355553886,113.357142857,50.8880522056,44.8917914857781,70.1428564617,34.65453371,49.4056493535052,54.0428564208,29.6204004667,54.8090949080547,45.4714279175,27.5548129099,60.5980814147588,34.1428569726,21.0202520215,61.5655920017735,20.9142857279,11.3253735212,54.1513760907061,18.5428573745,9.75029053533,52.5824598572307,27.2857143879,16.3490000824,59.9178011247162,28.8142854146,15.1137994123,52.452452645735,67.2285713468,35.0490145675,52.1341058799226
"34",34,"Itonamas",31.427659684,18.4709513754,58.7729139271661,35.0872339594,22.8254208813,65.053349339853,35.6978721111,27.3685520336,76.6671804650506,21.2212765369,16.1295675635,76.0065848793477,12.4872340902,8.46918371034,67.8227351963124,7.45106380544,3.77048288918,50.6032828014059,4.31063827619,2.76822654211,64.2184837776907,3.86170215746,2.40721905804,62.3356996445145,4.27234045559,2.52280682988,59.0497610409095,6.76382977658,3.8118195572,56.3559356623456,12.4106382867,5.80939195048,46.8097757446182,20.5936170233,10.6179173582,51.5592639514792
"16",16,"Jamanxim",141.452632302,35.2520151403,24.9214274535643,214.931580393,25.8067719808,12.0069707455799,256.578948172,23.2401790534,9.05771078218807,192.536841945,6.03587725609,3.13492067030694,100.099998876,12.2821646749,12.2698949178957,35.4368421655,10.9219818109,30.8209793634864,17.178947248,5.18069079224,30.1572076417147,20.6684212434,4.27699505794,20.6933805324186,27.2578947168,2.33470758578,8.56525278286088,43.7210523706,10.5028109855,24.0223197201963,67.2526315388,23.3062070966,34.6547139693024,99.4105264764,30.1895913849,30.3686062783975
"72",72,"Japura1",155.891305011,24.5283504086,15.7342645934417,141.313043014,15.453163654,10.9354121349358,175.995651909,20.2084025002,11.4823305468074,207.686956654,16.1337421245,7.76829820438763,210.056523199,14.5295136604,6.91695427455745,177.69565151,19.4350977791,10.9372950963892,124.569565814,20.9223503445,16.7957158779377,95.3913043478,21.4894296323,22.5276609636753,83.2869564554,15.7539306399,18.9152435271617,100.039131165,26.3309993812,26.3206997847381,109.873913641,28.3516785136,25.8038305673135,128.400000531,29.1739766546,22.7211655248837
"1",1,"Jari",64.6684214943,9.7853837898,15.1316261688288,97.6526324624,14.2473767065,14.5898542079608,163.373684532,27.8256370279,17.031896604162,221.773683247,25.6757891475,11.5774733825851,284.221052471,20.6580852846,7.26831637030399,183.715788992,12.9108789369,7.0276370951776,116.847368742,7.84396345243,6.71299964807041,56.457894777,6.27738688554,11.1187052055956,24.594736802,2.1729130414,8.83487007359763,16.2315788771,1.54001099072,9.48774609285049,16.284210456,1.56483167951,9.60950292148447,27.4105265768,4.97550809961,18.1518150907076
"10",10,"Jatapu",34.9083333015,11.1731417342,32.0070902202595,46.741666317,20.0563555586,42.9089442866214,69.6749992371,26.4505234585,37.9627179736169,90.8583332698,27.6814463291,30.4666015024743,128.500001907,17.9876348919,13.9981592412102,118.008333842,7.30815417231,6.19291361413068,91.2083339691,14.3606209734,15.7448561424937,47.0416669846,11.0561043925,23.5027904009427,23.2083334923,3.39496149077,14.6282002190996,16.6583333015,1.86835858369,11.2157594032637,16.6250000795,2.20609959764,13.2697719524242,15.9583330949,2.91903441684,18.2915997521876
"64",64,"Javary1",161.275675799,33.7298046833,20.9143781392911,150.383784114,24.5939076912,16.3540955137532,179.132431443,23.5304976935,13.1358110331838,178.164864205,19.7473115924,11.0837294887045,132.39729804,24.2789474087,18.337947804165,79.548648628,18.4728669125,23.2221002255943,52.6027027852,11.3231763647,21.5258451850611,45.1702703528,8.18386265441,18.1178075545937,54.6216218278,8.74945957103,16.0183079122285,82.4054054054,14.3435440856,17.406071865111,95.25135164,22.7254544436,23.8584062612468,121.091892346,31.3804412887,25.9145684163855
"17",17,"Jiparana",122.566667239,28.8993322378,23.5784596977313,150.879165649,30.6907833379,20.3412997453194,173.529166857,28.5318460012,16.4421039517306,112.166666985,27.6826469652,24.6799229301357,52.1291666826,16.3720420401,31.4066828264967,18.4874999523,6.91069875778,37.380385534066,9.93333337704,3.3616299631,33.8419122312969,11.3708332578,3.32433932525,29.235670331984,18.0208332936,5.35910277175,29.738373827881,31.7541665634,10.2905285476,32.4068607722834,52.2666668097,11.4704574472,21.946028219024,87.6041663488,16.8690417168,19.2559811021261
"63",63,"Jurua1",153.495161487,30.2835285394,19.7293049800562,156.872581482,22.5494731076,14.3743877321145,186.424193598,20.6466635708,11.0750987692734,159.353225831,26.0452755239,16.3443666659889,104.103225462,37.7426466909,36.2550214207118,57.6435486271,31.0772949879,53.9128761640632,36.6435483194,16.9926515885,46.3728333304001,31.4080644423,10.6552623025,33.925243378416,38.4967741812,9.91848998956,25.764470401792,64.0564515514,5.85680251415,9.14318912818704,84.9354837479,11.530521244,13.5756232085805,119.385483896,23.2658121923,19.4879741096225
"90",90,"Juruena1",133.339999559,39.5430757394,29.6558241114311,174.139999559,48.5133956533,27.8588467762476,220.435555352,57.5519983398,26.1083100899484,119.793332842,43.2383387392,36.0941111774799,50.9088884989,23.2166589378,45.6043328038907,17.5377778795,6.88219242083,39.2421004993719,9.45777775447,2.77035803448,29.2918495908899,10.2400000148,2.05754979917,20.0932597284785,16.0288888719,3.72126753518,23.216004333923,30.0244446648,8.51044216061,28.3450443650918,59.8933336046,15.3293532999,25.5944232476695,102.766667175,28.9976093359,28.2169405051546
"6",6,"Jutai",195.391667048,11.7056231716,5.99085076065418,163.612498601,14.2598303156,8.71561184966394,198.670832952,9.57094091323,4.8174866793569,201.937500636,8.57538978443,4.24655636393533,159.245833715,22.1211446707,13.8911920988086,96.200000445,25.3881379688,26.3909956874845,54.0624998411,15.7639568732,29.1587642442234,43.3458333015,11.4330657848,26.3763894104312,51.8333330154,9.57943381354,18.4812229047549,81.9499991735,9.33666620204,11.393125437711,120.787499746,11.2756120483,9.33508191825405,159.729165077,12.3197839719,7.7129207843546
"19",19,"Luna",120.841176201,21.097506188,17.4588719269892,163.711764167,13.8456152115,8.45731232691151,209.723530489,10.3461558931,4.93323561213016,197.958822811,4.07590613975,2.05896664865574,148.152940638,8.64788983269,5.83713680973801,64.2999994615,6.0436644024,9.39916711199769,31.5294116525,3.90621923329,12.3891282093755,20.3882354288,1.24043756882,6.08408497710294,20.0764706556,2.22513147063,11.0832800684982,30.3588235519,6.27329158861,20.6638164943562,44.4647057477,9.41106623063,21.1652502189713,68.0470594518,19.21473467,28.237421021272
"53",53,"Madera1",102.533335368,14.9033192123,14.535096472587,165.300003052,22.8661335889,13.8331114136197,218.666666667,15.7245710122,7.19111479215367,198.333333333,5.66234777685,2.85496526564345,141.133331299,2.23058980323,1.58048405908052,62.9666671753,3.85947684802,6.12939674459054,31.5,3.89444048185,12.3633031169841,19.2333329519,1.50849392705,7.84312282651448,17.7333329519,1.54560308258,8.7158070441259,21.1333332062,3.86120329774,18.270678174928,28.9666671753,6.87475338149,23.7333254111889,39.8333333333,12.1962651663,30.618238911239
"54",54,"Madera2",163.72857448,8.80173611899,5.37580941319755,199.457142421,8.02084071635,4.02133542022786,236.785716466,6.99743573702,2.95517645297864,193.814287458,6.15569845371,3.17608084235996,119.11428506,11.0064186221,9.24021717173206,46.500000545,6.20253476481,13.3387842841153,21.0428573063,2.51387987794,11.9464759055671,16.8714284897,1.14357138454,6.77815387854176,19.2142854418,2.82409487212,14.6978917361989,33.8714286259,6.39167248721,18.8703953346762,56.2571427482,7.66305644091,13.6214817649181,97.1428571429,7.31434149082,7.52946918172315
"55",55,"Madera3",164.357145037,4.33618102799,2.63826743097408,186.342856271,4.23720132837,2.27387376858054,223.371429443,2.69269676526,1.20547948856956,182.728572301,9.12855782153,4.99569263119561,109.185712542,12.2567099079,11.2255620470355,45.9571424212,6.17271864416,13.4314674911392,21.399999891,2.40772582592,11.2510553186152,17.9428571974,0.783503261681,4.36665829227317,21.2428567069,2.90853765039,13.6918385814148,37.0857146127,5.6263225367,15.1711315137319,65.2428572518,4.79995806085,7.35706292311037,106.314286368,4.45017772548,4.18586991222986
"56",56,"Madera4",136.333334181,24.4194387027,17.9115686192198,152.288887024,23.6276392366,15.5150120920356,167.188886854,22.2279818626,13.2951312021181,118.900001526,19.460272751,16.3669238866617,56.6777784559,14.1188441511,24.9107225719611,22.4888888465,6.80203324278,30.2461953065263,11.7555555238,3.36422710729,28.6181890807191,11.4333332909,2.6997944127,23.613362297842,17,4.31225640093,25.3662141231176,28.0333336724,7.59034466046,27.0761399595262,50.9666661157,9.68859552684,19.0096709579665,89.0555547078,14.8277609182,16.6500124184857
"57",57,"Madera6",104.950000763,4.85000228882,4.62125036070496,117.850002289,7.04999923706,5.98217997465244,133.450004578,4.84999847412,3.63431870194147,93.6500015259,3.34999847412,3.57714727126141,42.4499988556,3.14999961853,7.42049400106039,17.0500001907,1.55000019073,9.09091010788055,8.60000014305,1.20000004768,13.9534886944132,7.69999980927,0,0,12.5,1.89999961853,15.19999694824,19.5999999046,3.90000009537,19.8979597671054,40.9499988556,6.14999961853,15.0183145064703,65.6500015259,3.65000152588,5.55978894294468
"32",32,"Madre_Dios",224.121428717,123.613194273,55.1545628548921,229.892857506,95.3064839408,41.4569138748961,218.00714402,75.7018222813,34.724468604733,141.652380807,52.3973521323,36.9900963427441,105.738095601,58.8664110292,55.6719039572368,83.6333337057,64.2823707658,76.862140868383,63.1619049822,52.0491483702,82.405919176865,44.7119050934,34.1124280905,76.2938372212984,37.2404761655,26.9865226065,72.4655680732155,85.4976196289,74.3772808601,86.9933937142724,101.471428417,72.5194859984,71.4678871971516,168.933333442,109.892907687,65.0510502858985
"58",58,"Mamore1",83.050000906,19.6836233713,23.7009309531241,99.4812493324,17.4748112128,17.5659346158901,112.831250668,17.2702317917,15.306248658465,74.006248951,11.2751643722,15.2354220515424,33.5624998808,5.03932992016,15.0147633163727,13.9687498808,2.78897811116,19.9658389974714,8.05625006557,2.20509887653,27.37128140987,6.98125001788,1.42092343466,20.3534242581315,9.13750013709,1.37107395576,15.0049131074119,14.7687500119,2.83057400434,19.1659686978197,29.1437501907,6.11442695134,20.9802338797536,49.2124996185,11.823962262,24.0263395553172
"59",59,"Mamore2",82.3500003815,15.0306446777,18.2521488865429,98.4166662428,13.1159040972,13.3269136193277,103.405555725,11.8714633744,11.4804889265054,62.4777779049,7.40386969533,11.850404965746,39.0333333545,8.05674356433,20.6406752176628,23.3777779473,7.89968745458,33.7914384865323,15.4666667779,5.86136123787,37.8967318688548,11.433333238,3.32983161037,29.1238918787298,11.7500000265,3.56031345473,30.3005399719179,18.022222254,4.39274059449,24.3740229844022,25.4777779049,3.42435007102,13.4405366268673,46.6999997033,8.70491517998,18.6400754502893
"40",40,"Mantaro",33.0769228568,14.5995860957,44.1382838388747,50.5846157074,17.6843193432,34.9598768239984,53.5230770111,19.4973828136,36.4279931244545,30.3153847181,12.746513724,42.0463531719247,16.0615385679,7.25168831409,45.1494001239891,8.38461543964,3.42655837859,40.8672097516869,7.03846163933,3.45621819673,49.104738703371,6.23076926745,2.70622784117,43.4332860840721,10.8692307839,3.66970647184,33.762338336543,16.3461538828,9.01934795456,55.1771873630192,13.8923077217,6.20117378157,44.6374634495295,20.399999912,9.73352626369,47.7133642435184
"67",67,"Maranon1",93.6769233117,16.8473761874,17.9845532835682,88.4692324125,10.9972299339,12.4305700795774,96.1076918382,11.0730071619,11.5214578043782,126.807692895,13.9108949861,10.9700718217613,118.892306401,13.829981987,11.6323607520526,83.3307691721,13.6270868543,16.3530074061317,58.5230774513,14.4918627049,24.7626463542684,43.6307688493,10.7451151937,24.6273798905847,52.6769224314,11.1695436597,21.2038652680324,57.1230768057,9.70639355649,16.9920706293633,61.876922314,9.70171681694,15.6790552182084,75.8846156781,13.201973018,17.3974301642408
"68",68,"Maranon3",69.3555556403,17.9680655799,25.9071755881938,71.2222230699,19.8225907051,27.8320302999324,101.177778456,27.9011657783,27.5763771492904,131.355556912,43.1772593127,32.8705235832741,138.099998474,51.5785687945,37.348710618712,119.155556573,58.8926736266,49.4250333936544,101.133332994,50.7583802604,50.1895653566677,73.8111101786,33.6334294997,45.5668928679131,70.3000000848,27.5341806021,39.1666864422285,64.5111109416,23.6414630171,36.6471181042006,63.7777786255,21.1749221851,33.2010970614673,63.4222221375,18.0297146028,28.4280714159012
"69",69,"Maranon5",27.0782608779,16.777468159,61.9591791166063,31.221739147,13.5933155848,43.5379833288567,46.2565215567,19.7877389953,42.7782685108406,40.4521735233,22.6542028199,56.0024365732819,31.7739130725,31.0359288775,97.6773896456628,24.2086957538,27.046142941,111.72077676574,21.5391303405,26.537565514,123.206299857434,17.1086958647,21.3217163537,124.625024153317,18.3608696772,18.3441197561,99.9087738141249,33.6521740789,19.6299435751,58.331873385286,21.808695731,14.3750361276,65.914240378743,26.1000000083,18.1186182669,69.419993337694
"20",20,"Marmelos",169.644446479,8.21463596807,4.84226636271696,199.022223579,4.00770638882,2.01369792616611,232.111111111,5.79490890422,2.49660986778387,178.544443766,10.9122850341,6.11180320368951,100.977778117,11.7512903247,11.6375013828133,39.0666664971,6.30361477838,16.1355327791992,18.3222222858,2.49077299789,13.5942734404024,16.7222224341,0.765619534036,4.57845562725411,21.4666663276,3.36650188953,15.6824624660124,38.8333324856,7.3242368962,18.8606962817727,65.5333340963,5.58231380738,8.51828139733726,109.91111162,3.71496803129,3.37997494205491
"18",18,"Maues",90.8666665819,22.2692115265,24.5075695678,180.63333469,17.6351899286,9.76297645108818,229.18888855,13.7931078335,6.01822711422194,196.022225274,7.29851995284,3.72331246757255,133.311110602,7.36258472438,5.52285904087993,65.5999997457,13.4891730848,20.5627639284925,33.8444442749,8.37471226131,24.7447179019598,25.0111111535,3.20084871366,12.7977069631794,21.5333332486,3.84129625596,17.838837172177,23.6555553012,8.26587482087,34.942637006922,31.8222219679,14.4595047953,45.4383883371995,45.7444449531,15.579054554,34.056713487228
"70",70,"Napo1",124.61428506,15.8973862758,12.7572743912511,100.542856489,15.2476570363,15.1653310526026,142.699999128,11.4155264764,7.99966821734906,192.671425956,8.40165145626,4.36061103226519,181.285716466,6.75730777909,3.72743529430645,159.214285714,16.6617990561,10.4650151092785,152.871429443,28.434372095,18.6001872283154,123.242856707,24.0224814057,19.4919868360497,101.628571647,10.6014447467,10.4315593291259,100.985715594,5.55271509286,5.49851536942509,107.100000654,5.21152371408,4.86603518417939,114.628570557,9.60962512281,8.38327222970257
"71",71,"Napo2",97.6529408623,40.6804064588,41.6581478238974,93.3999997307,37.6273522699,40.2862445164784,136.92353013,44.6252698389,32.5913813327273,185.411763808,43.7398969347,23.5906805676009,232.588234397,39.5542361188,17.0061208045828,242.041178086,41.3729679069,17.0933591689096,194.882353839,24.0917656762,12.3622099187611,145.711765065,12.8839100989,8.8420520423678,115.347059362,16.8852905057,14.6386831177967,120.176470139,22.9513169009,19.0980121768877,112.841176201,25.9389557267,22.9871369654069,94.9294119442,35.5896350348,37.4906304652132
"74",74,"Negro1",61.040740331,25.9737506524,42.5515000498921,77.5999999576,37.3313393474,48.1073960925226,112.714814221,47.8778590861,42.4769888652133,135.492592988,44.4602862817,32.8138131400568,158.970371388,26.586098337,16.7239329598791,121.633334407,19.8365356133,16.3084698039474,84.8666664406,23.8138141383,28.0602681088785,47.248148247,14.4999711779,30.6889724060681,30.3518519225,5.60339639084,18.4614645760253,29.4148149137,7.44678425117,25.3164409601695,34.8296296861,10.2789184367,29.5119946130296,39.2851851428,18.902942825,48.1172298317765
"75",75,"Negro2",79.1636359475,21.2046427643,26.7858373488082,76.1090909784,22.1044807088,29.0431542732173,116.736363498,25.2582043806,21.6369635165419,151.672726718,27.3075766943,18.0042762368689,194.672726718,16.0413165164,8.240145801028,166.663635254,16.4488324099,9.86947895672114,118.199999029,18.223909586,15.4178593364699,72.118183136,13.4241862778,18.6141492950325,55.6545455239,9.19430262522,16.5203085186845,55.7272727273,8.76450318583,15.7274934819058,60.6181817488,8.6985701315,14.3497707792468,60.9272731434,12.8362480732,21.0681479917676
"77",77,"Negro3",125.174418782,40.5761477375,32.4156869529118,114.174418072,37.4674057752,32.8159375873258,140.423255566,39.1626893161,27.8890338770797,177.813953488,32.2073189752,18.1129311527138,218.81162883,18.3133334115,8.36945161892107,206.290698384,21.6269502519,10.4837253551988,164.127906622,26.8745095858,16.3741256066186,120.839534493,25.8586497882,21.3991636898419,94.2534880527,20.4839385989,21.7328175562551,86.7697670515,23.2693887451,26.8173922044634,87.353488656,24.0250769717,27.5032827438768,98.9837210012,34.863522148,35.2214705563325
"78",78,"Negro5",97.7500003468,27.6666238704,28.3034514294053,86.1386360689,24.5915100965,28.5487572345932,102.609090805,31.9285127743,31.1166510918389,156.247727307,31.906221923,20.4202790484816,246.224998821,26.1076262435,10.6031582367799,296.338638306,23.0435572818,7.77608934613689,280.059092088,34.0311983758,12.1514349425609,219.42727245,27.6281984416,12.5910503890967,167.418181679,22.0176204964,13.1512720276795,130.609090805,18.6624789249,14.2888054804418,112.425000451,13.6961535308,12.1824802987387,99.238636537,18.2322670876,18.3721458938045
"9",9,"Nhamunda",45.4625000954,5.5809804894,12.276008749384,88.4375,14.5892028756,16.496625159689,132.212499619,25.8743327859,19.5702621616433,155.850002289,23.5133475314,15.0871653423515,168.975000381,11.0869007357,6.56126688013113,116.237499237,4.22520428903,3.63497521605752,71.9125003815,5.8703576686,8.1631950460037,32.5499999523,2.74454056162,8.43176825082013,19.2375001907,0.905452295636,4.70670454404322,15.2250000238,1.39798979982,9.18219899924228,14.9999996424,2.24109313841,14.9406212789177,25.3499999046,7.48515192575,29.5272266426784
"31",31,"Orthon",94.4750010173,25.1680400634,26.6398939321433,131.316668193,23.6286859024,17.9936684562178,143.266667048,22.5934126491,15.7701809601883,103.700000127,12.4961998638,12.0503373659557,55.7333332698,10.7597506725,19.3057727597469,26.5166664124,10.4538537169,39.4237101840654,17.4166668256,7.06291207993,40.5526048735602,16.4249999523,5.91017821233,35.9828202708908,17.6916666826,4.68960895543,26.507445791087,29.5416666667,10.1629603118,34.4021223530218,43.0583338737,12.740254836,29.5883599987173,67.0916662216,19.3873862792,28.8968621157277
"24",24,"Pachitea",154.944445292,19.803375189,12.780952006172,184.077775743,17.0255873791,9.24912706619742,172.800003052,11.6531337207,6.74371152481593,118.888889737,4.28004450293,3.60003740668964,75.6444439358,5.09337704569,6.73331282600582,49.8333329095,6.60286099967,13.2498884063427,48.1222216288,8.79327705225,18.2727994565144,35.5333332486,4.47238442726,12.5864477615148,37.611111535,2.48392428906,6.60422994079428,85.6222220527,9.87677270472,11.5352912689429,87.0222210354,8.8907916243,10.2166912295692,152.744443258,26.07191213,17.0689758487397
"3",3,"Paru_Este",45.9249998728,4.69736173793,10.22833260956,68.9250011444,9.51473716766,13.8044787953305,119.058333079,25.9276712484,21.7772839396264,174.96666654,30.0372080357,17.1673888688009,251.999997457,14.9208450199,5.92097030574217,170.933333079,10.155078731,5.94095870482245,110.066666921,13.4257416684,12.1978270478893,52.2166671753,9.34271909971,17.8922164226701,23.8249998093,3.47086113502,14.568147587834,14.6583333015,1.60284036989,10.9346699718308,14.8916666508,1.50801097831,10.126542674315,23.0833331744,2.77633827233,12.0274583022916
"27",27,"Pastaza",101.646666463,42.1438139134,41.4610880807789,106.306666565,45.7467873242,43.0328490229055,142.773333232,58.0786888941,40.678947237104,188.200000509,63.1814315414,33.5714300587255,192.206666565,60.5507782056,31.502954235525,178.126668294,81.6770834829,45.8533717972488,144.180000814,66.8087526335,46.337045537742,107.179999797,49.1519028769,45.8592115786473,100.426667277,41.5374277021,41.3609540457318,100.419999441,48.7310750379,48.5272608137496,99.8666664124,44.1643081792,44.2232726551853,96.8933336894,48.9225858327,50.4911782574492
"60",60,"Purus1",152.770001221,13.042857779,8.53757784562164,161.8,13.3066521826,8.22413608318912,200.38500061,12.935928955,6.45553754803065,185.520000458,4.7124941335,2.54015422696534,130.204999924,15.0513616427,11.5597416777277,60.6650001526,8.72165544527,14.3767500590638,28.9099999428,4.72873118785,16.3567319170047,20.5449999809,2.31289327038,11.2576941958151,22.0749999046,2.2176282812,10.0458812719537,39.0149999619,4.79408791512,12.2878070480627,62.8899997711,3.82934739651,6.08896074168808,105.220000839,7.08770810788,6.73608444341784
"61",61,"Purus2",170.275003433,3.52446583969,2.06986684400615,176.274995804,7.3342953457,4.1607122509054,206.212499619,3.70318342976,1.79580938915053,169.17499733,9.0032991985,5.32188523162071,101.099999428,12.2292684144,12.0962101717016,45.8875007629,7.46700094261,16.2724071227847,22.3249998093,3.7224823489,16.6740532170097,17.6624999046,1.83025783507,10.3623940266425,21.5,1.4874479429,6.91836252511628,33.9999997616,2.22991031851,6.55855980631061,63.8624992371,4.41189723018,6.90843183853502,114.775000572,3.05522096469,2.66192197731545
"62",62,"Purus3",160.892308064,24.0703871228,14.9605580356428,176.13974312,14.9216363218,8.47147614586575,191.928205246,18.5128569412,9.6457198239683,141.046154903,16.711332223,11.8481303049294,76.729487248,12.2742915275,15.9968376796626,34.2205127569,9.58114307408,27.9982452108293,20.1064102955,7.91859777468,39.3834486529515,16.6935896996,7.06249281546,42.3066155485373,24.0333332893,7.68652938862,31.9827853094442,40.8602564151,15.2791241641,37.3936081283464,65.783333216,16.7619638038,25.4805632131196,110.724358877,22.0807561754,19.9420944039322
"7",7,"Putumayo",127.04634057,44.7185513307,35.1986142458475,108.93902439,36.8831437717,33.8566863235886,151.075609347,35.8968009721,23.7608182599813,196.926828896,24.5034790906,12.4429359005931,210.099999777,18.6912514999,8.8963596000661,188.107315436,34.3035821567,18.2361765554892,152.219511823,38.4771714765,25.2774240409081,117.358536511,26.7491960722,22.7927144180882,100.773170657,11.695090224,11.605360978277,119.375609979,12.7845325507,10.7095013403064,120.468292795,22.7187729874,18.8587158166675,117.992684434,33.0845443582,28.0394878012171
"93",93,"Roosevelt",142.918180639,20.8164622401,14.5653003326993,183.590909784,19.0949284923,10.4008028037803,214.922726718,20.2801285689,9.43600934093375,134.481818459,23.1929188449,17.2461371437886,62.2727272727,15.5216909933,24.9253432009306,21.3000000173,5.4166411946,25.4302403295801,11.0545454025,2.16180206704,19.5557753695697,12.1727273031,2.79905536172,22.9944801359936,18.3318181471,5.33312016568,29.092150723324,33.5909091776,10.7668645161,32.0529118731917,59.2409087094,11.0913826186,18.7225058835738,101.454545108,10.9766165948,10.8192457845188
"28",28,"Santiago",85.3333323797,29.0869478206,34.086267358193,90.9416672389,31.8497893661,35.022218453981,134.041667302,38.8688722822,28.9976043006293,158.616666158,54.0318544414,34.0644244707414,167.033334732,51.1667115096,30.6326348520165,153.558333715,58.2741578407,37.9491991290132,134.375,44.2675590513,32.943299759107,92.8749987284,31.4654067152,33.8793078288121,85.5500001907,29.7834262016,34.814057434494,78.1833340327,29.3222568946,37.504485140447,76.4416666031,29.0030875755,37.9414642096825,79.6999994914,29.6488339704,37.200544742286
"83",83,"Solimoes1",102.442855835,9.93390462191,9.69702039340848,134.671429225,6.53074486899,4.84939152021538,176.685712542,9.27368567851,5.24869019972713,188.600001744,2.74954540112,1.45787135508734,171.571428571,6.09489581657,3.5523955633719,88.3857149397,12.9953215567,14.7029659324087,47.4285714286,7.08292016828,14.9338678246778,26.5571428026,3.42046699744,12.8796498285393,23.1857141767,1.86043648054,8.02406372459127,31.9857142312,4.17113522004,13.0406192898808,44.4428569249,4.58502466969,10.3166740100391,66.5714302063,10.6924161859,16.0615689835189
"84",84,"Solimoes2",119.71666654,8.94584078268,7.47251075495908,126.808333079,8.26876198943,6.5206771421549,164.683331807,10.195163856,6.19076851563107,184.641666412,3.1060321659,1.68219461308877,171.474999746,15.4624343904,9.01731121930542,102.316666921,24.7703381517,24.2094850204859,57.6083335876,18.2491760581,31.6780141372256,34.0999997457,9.7426891866,28.5709362441522,31.4583331744,7.80688325651,24.8165826626283,50.5666672389,5.31810343471,10.5170139245777,60.1666669846,3.46706711156,5.76243838211516,90.5499986013,8.48022175916,9.36523676438605
"85",85,"Solimoes3",123.000001526,6.18482216952,5.02831064454307,124.160002136,5.79089123444,4.66405535987095,157.3,4.83197976428,3.07182438924348,183.83999939,3.25981679577,1.77318146572368,177.779998779,15.3447554398,8.63131710270468,117.56000061,24.7925467956,21.0892707272503,69.2,19.4566184112,28.1165005942197,41.6200004578,11.0195104243,26.4764783832068,41.6799987793,7.56370280175,18.1470801901905,57.8399993896,4.22118519054,7.29803809662383,64.2199996948,1.44000034332,2.24229266609075,93.2200012207,5.62615348742,6.03535015420133
"86",86,"Solimoes4",151.300000191,22.1601566941,14.6465014316756,138.737503052,10.8571334699,7.82566590219708,173.274997711,11.1042513069,6.40845560732336,200.737503052,11.3565974382,5.65743683444051,194.17499733,9.82926286718,5.06206411862346,145.550000191,18.8231238379,12.9324107270348,91.1125001907,17.3830690289,19.0786873288703,65.0749988556,17.0532064947,26.2054656851254,65.8874998093,11.0131094538,16.7150210368819,80.0124998093,19.1096455142,23.8833251801225,94.6625013351,26.005188768,27.4714785698965,118.050000191,26.6046055804,22.5367264187673
"87",87,"Solimoes7",200.337501526,7.39779129832,3.69266425006299,166.962499619,8.60986704506,5.15676697743941,195.912500381,6.92683674317,3.5356788003313,207.537500381,4.83087296193,2.32771087300436,174.812501907,14.3601395021,8.21459526375269,117.712500572,19.3448585497,16.4339882813614,70.1374998093,12.184102019,17.3717370196085,54.7374997139,8.22571220691,15.0275629137316,61.7375006676,5.93104951216,9.60688309054375,108.862499237,12.0276699179,11.0484969591917,150.974998474,16.9442997308,11.2232488173981,174.625,8.69593865758,4.9797787588146
"88",88,"Solimoes8",176.277776082,16.6871722126,9.46640727123625,153.555558946,11.1211627745,7.24243580032874,182.533331977,8.47558398223,4.64330754850734,209.811109755,3.70208461564,1.76448454991873,187.588889228,9.06635322278,4.83309713069442,131.599999322,9.8077050746,7.45266346894305,85.0000008477,10.7128166121,12.603313535602,64.3333337572,7.54983561236,11.7354956931873,76.588889228,8.28847280531,10.8220303086467,112.600001865,12.1011481393,10.7470230362949,123.666665819,29.0054398569,23.454533737776,144.388888041,23.5610519307,16.3177736530596
"89",89,"Solimoes9",141.822222392,19.1187959178,13.4808181646986,116.355555216,15.2806430601,13.1327146621692,141.68888855,16.3863395149,11.565013800724,175.733334012,12.7303647623,7.24413773509282,163.222220527,11.071362143,6.78299934117646,125.577777439,16.8417989633,13.4114485116453,106.166666667,26.0214875738,24.5100353912574,86.422223409,19.9023601484,23.0292155921637,82.2666668362,11.2796759524,13.7111133660718,83.8888888889,7.51346101738,8.95644359687564,99.0333336724,7.83992563384,7.91645130292624,120.255556742,14.9648568681,12.4442123703323
"48",48,"Tapajos1",58.5000005869,13.3408569841,22.8048835047148,123.084615267,22.8123721237,18.5338939998427,181.261536818,17.8620553155,9.85429983054531,181.838461069,10.0675800693,5.53655151397249,152.484615032,21.810119216,14.3031604935508,82.3307694655,11.5745327157,14.0585746870132,43.0461540222,6.54365405362,15.2014836220799,30.3307688786,4.33046173691,14.277454535501,20.8307692454,4.20775561027,20.1997130336374,17.7615384322,4.37326443838,24.6221038513853,22.9769228789,7.71653094457,33.5838309822426,46.676923165,12.1044904821,25.9324943919534
"49",49,"Tapajos2",157.139999008,34.5151761631,21.9646025079476,226.225,21.3062152739,9.41815240309426,261.730000305,19.1452114181,7.31487081946649,207.409999084,8.78384168168,4.23501360612927,115.940000153,7.67400870874,6.61894833414957,39.7899995804,8.57903862371,21.5607909378715,18.9749997139,4.26683415987,22.4866098772289,19.4000001907,3.83340576656,19.759823344732,26.3550000191,4.17402390353,15.8376926598558,44.6,13.4189413295,30.0873123979821,74.6649991035,30.3277469114,40.6184253338836,102.279999352,36.3536045724,35.5432194003911
"23",23,"Tapaua",178.390477498,9.98011885234,5.59453564580088,163.138094221,7.31225209812,4.48224685536306,200.495237078,3.80369162341,1.89714812124451,182.400000436,7.29513621882,3.99952642619631,123.733333769,11.1919753724,9.0452386850697,59.6809525263,7.516180786,12.593935699481,29.9619046166,3.86996677869,12.9162909641795,24.5999999273,4.94454943638,20.0997945162299,32.5952379136,8.33943408204,25.5848234768075,49.1571431841,11.5542435557,23.5047091984736,83.4809533982,11.5395646624,13.8229909849698,130.114286877,9.0407164015,6.94828878403368
"5",5,"Tefe",158.350004196,14.2117034971,8.97486777424348,141.724998474,4.14630981366,2.92560229903312,180.924999237,9.36052353373,5.17370378510729,193.462501526,4.94594148273,2.55653754278852,165.537498474,8.91037611941,5.38269346918366,97.4625005722,11.6532113624,11.9566102798351,50.9375,7.41483929471,14.5567397196761,34.5500001907,3.86393578519,11.1836056841183,42.0875000954,5.72962425931,13.6136008228634,56.0000004768,4.46150233553,7.96696838847053,76.5874996185,11.3107724783,14.7684315777922,116.262498856,14.4073730968,12.3921068603941
"50",50,"Teles_Pires",173.819999356,35.9084170198,20.6583921026579,220.666666497,36.3839030378,16.4881735947621,274.320001899,44.1709346459,16.1019737314536,149.162221781,34.3385774033,23.0209613354485,58.6266671922,18.238353194,31.1093126515411,19.1911112467,4.7997603445,25.0103304743509,10.468888855,1.97976678722,18.9109543012719,10.7888889419,1.89739259964,17.5865430616422,17.8200000339,4.0484070698,22.7183336818097,40.013333257,11.2999823992,28.2405425377131,77.8555553012,26.579922081,34.1400455987632,134.951111688,33.7306953661,24.9947517617221
"25",25,"Tigre",94.0357148307,17.5587435679,18.6724199412026,86.3785711016,11.88685824,13.7613508633044,113.257142203,6.95194920532,6.13819938424674,157.878569467,12.1906416286,7.7215303316693,171.38571494,23.2176314938,13.5470050709467,156.778572627,37.0386511318,23.624817161667,138.600001199,33.5457896852,24.2033112518054,106.557142803,26.4283861821,24.802078478174,93.0214290619,15.1553934384,16.2923678890323,88.4428563799,12.0505306979,13.6252165422358,90.8285718645,7.73243979543,8.51322401828074,85.1571431841,12.3944519242,14.5548000564141
"80",80,"Trombetas1",33.8955556234,7.3058564448,21.5540247399171,50.0866666158,15.5934117506,31.1328599090302,81.6200002882,23.3461545414,28.6034727505082,115.784444173,29.0786203795,25.1144448524121,187.155555047,35.0418128772,18.723362428863,144.015556166,25.9023634957,17.9858094398105,96.7911112467,22.9291456574,23.6893092372485,45.086666531,12.5202874521,27.7693793208054,21.9244443893,3.84321362555,17.5293547116097,14.6200000763,1.01513002687,6.94343380008317,14.7022222307,1.09594986968,7.4543144055565,18.5155556149,5.19790354268,28.0731707478284
"79",79,"Uatuma1",54.1083329519,7.51104286028,13.8814900598712,83.5333321889,15.6732959292,18.7629243542648,125.083332698,27.1669162178,21.7190537154871,143.899999619,22.2315080935,15.4492759919123,155.441666921,6.55203159363,4.21510636331501,110.358333588,7.38720184803,6.69383236213822,71.9749997457,9.68212492708,13.4520666360384,36.1250001589,5.95176824413,16.4754829562642,22.1250004768,4.03838344018,18.2525801272393,18.4749997457,4.46264570908,24.1550515318338,20.3583335082,6.29767925121,30.9341589706908,22.1583334605,5.62753048245,25.3969031221675
"76",76,"Uaupes",120.045000458,48.8930727567,40.7289537841321,105.379999161,42.662859052,40.4847783181508,150.170000458,53.5217164646,35.6407513493809,200.544998169,35.2653139607,17.5847387283037,268.604995728,29.6983564001,11.0565167708845,276.159999847,19.7000071475,7.13354836269349,261.76499939,27.1760809279,10.3818619720854,207.325001526,22.176921341,10.6966941650879,156.779999542,15.3277381511,9.77659025122897,152.389997864,15.7695871448,10.3481772858042,130.380001831,9.44905315391,7.2473178564286,123.809999466,28.1619579428,22.7461094130234
"65",65,"Ucayali1",74.2166663276,26.6441512429,35.9004958876622,87.705555386,24.6150912183,28.0656009872656,104.269444572,24.6727336371,23.6624772850526,106.463888592,20.0737133962,18.8549504077652,72.1777778202,20.546467029,28.466472160147,50.7666666243,14.5866950065,28.7328201287061,30.1750000848,12.7027857882,42.0970530323171,26.5138887829,9.66488914098,36.4521750095494,32.9277775553,10.9206636307,33.1655047546391,53.4055555132,12.6761134182,23.7355707592385,58.0111108356,12.7805788715,22.0312603696202,62.9861110581,22.3482061792,35.4811652978312
"66",66,"Ucayali2",123.950000975,38.1191021215,30.7536117964117,149.827778286,38.2341012678,25.5187000068949,152.616667006,34.0428376528,22.3061074000926,99.094443851,24.1630443709,24.3838538588823,63.8888891008,15.9631128191,24.9857417209343,38.2999999788,13.5082692014,35.2696323991571,33.6055553754,9.65617066707,28.7338523622155,25.2555555767,6.82830881924,27.0368584785345,30.6055552695,7.08829016073,23.1601423281277,58.2833338843,15.2711509563,26.2015741697536,61.3055557675,19.7384700937,32.1968700007512,110.244444317,37.977496745,34.4484449808631
"96",96,"Unini",100.122222053,11.5030225615,11.4889804936719,101.333332486,8.42113708958,8.31033272368048,143.18888855,4.84502746543,3.38366161962223,179.011110094,6.58237519136,3.67707634900624,201.855553521,7.06180805295,3.49844625514122,151.755555895,10.8409832213,7.14371421682966,97.6666666667,9.01295210783,9.22827860869651,55.8999998305,6.63977907321,11.8779590220808,45.2888891432,6.78895275421,14.9903273907732,53.7333331638,5.16419322322,9.61078146311441,61.7333318922,3.91350903791,6.33937763920446,74.8222223918,7.46752652082,9.98035915281553
"39",39,"Urubamba",117.554999828,56.5480460215,48.1034801618289,131.450000572,57.3210138681,43.6067049210115,135.369999695,54.0646738706,39.9384457356964,78.9500004768,39.1452496043,49.5823297883362,48.3099996567,30.5951282505,63.3308393043154,36.4049998045,26.3255094658,72.3128955010897,27.5099997759,19.1078227211,69.4577349209552,20.3349999428,14.0388485966,69.0378590415031,21.4850000858,13.6599883084,63.5791866597582,43.4649999857,28.7976783323,66.2548679207971,50.9250000477,31.889635827,62.6207870341284,90.4349996567,52.5216739921,58.0767116619421
"41",41,"Xingu1",64.0133333842,13.8528395042,21.640553259517,120.893334452,22.4787756051,18.5938916376114,186.720001221,18.2784813891,9.78924660966865,224.153334554,14.0076101444,6.24911968062892,185.166665649,28.9426019028,15.6305681702252,113.506666565,31.3754567807,27.641950671446,68.3066665649,22.5378341267,32.9950724579514,30.3533334096,9.41090629034,31.0045231716249,19.0466665904,4.35153103708,22.8466803701666,15.459999911,2.12941293641,13.7736930703013,17.8666667938,3.43757034828,19.2401324094368,29.613333257,8.71289196353,29.4221926586749
"42",42,"Xingu3",113.719999186,16.0283580645,14.0945815856753,182.96000061,18.5036137944,10.1134749304262,223.806668091,12.3452814884,5.51604721776225,201.246666463,9.27900124536,4.61076022199154,97.0066675822,18.9341481419,19.5183986975492,39.4666664124,11.4099179701,28.9102653131989,19.153333346,6.06287797965,31.654427300594,17.3533332189,1.78357935797,10.2780217233854,22.1733332952,3.36302769296,15.1669920268055,35.6799995422,8.073594966,22.6277888721693,43.8666662852,9.24926414702,21.0849488467752,69.7466674805,13.3804772178,19.1843964753455
"43",43,"Xingu4",151.100000381,22.678341146,15.0088293109308,197.499999455,14.5343186811,7.35914871959866,226.010714395,14.4824366658,6.40785402787984,138.235714776,24.966753246,18.0610005789435,50.5964285987,10.4386471625,20.6311936466761,17.7928572042,3.13834898518,17.6382519634856,10.0857142721,1.09077769222,10.8150762830691,10.060714313,2.50147657331,24.8638068380265,15.2107142551,5.33889624524,35.0995762309447,34.3749995232,9.65577628633,28.0895314043953,56.1785711561,14.3092464482,25.4710046085718,104.867856707,19.2597835404,18.3657644441153
"44",44,"Xingu6",149.552380516,25.8292312337,17.2710264755275,172.39047659,30.3226920812,17.5895401422418,196.4095241,40.2344372159,20.4849726102972,95.7452378046,19.2966838897,20.1541970464174,35.1142856053,6.29366914114,17.9233865438232,13.6952381815,2.29387930995,16.7494663440659,8.37142856916,1.13395338751,13.5455182845069,7.34761907941,0.683909741846,9.30790960247924,9.58333335604,1.17936962884,12.3064656630846,22.3023808797,2.3489094131,10.5321015983456,45.2666666848,4.95367456892,10.9433164218018,98.0499996004,15.8677612504,16.1833363743688
"35",35,"Yacuma",75.5333321889,5.59603031178,7.40868984541154,96.4666671753,8.95873345669,9.28686946384301,102.449999491,6.24786638793,6.09845428889325,63.2333342234,3.62889740942,5.73889935425404,39.2833331426,4.22469599631,10.7544234624241,25.4666663806,5.94240844077,23.3340648201086,16.8000003497,4.55521699893,27.114386333994,11.9166668256,2.211648566,18.5592884182079,11.683333238,1.41352583694,12.0986520554127,17.9500001272,0.970824575317,5.40849341747853,23.6166664759,1.18661522904,5.02448230892747,41.8833325704,1.92563109078,4.59760714490253
