"","id","BvNiv2","rounhcmp_mn1","rounhcmp_std1","rounhcmp_cv1","rounhcmp_mn2","rounhcmp_std2","rounhcmp_cv2","rounhcmp_mn3","rounhcmp_std3","rounhcmp_cv3","rounhcmp_mn4","rounhcmp_std4","rounhcmp_cv4","rounhcmp_mn5","rounhcmp_std5","rounhcmp_cv5","rounhcmp_mn6","rounhcmp_std6","rounhcmp_cv6","rounhcmp_mn7","rounhcmp_std7","rounhcmp_cv7","rounhcmp_mn8","rounhcmp_std8","rounhcmp_cv8","rounhcmp_mn9","rounhcmp_std9","rounhcmp_cv9","rounhcmp_mn10","rounhcmp_std10","rounhcmp_cv10","rounhcmp_mn11","rounhcmp_std11","rounhcmp_cv11","rounhcmp_mn12","rounhcmp_std12","rounhcmp_cv12","rounhcmp_mn13","rounhcmp_std13","rounhcmp_cv13"
"22",22,"Abuna",144.803398826,16.8749162189,11.6536741234765,139.31493447,11.3815616613,8.16966372241369,131.756107677,16.5150790452,12.5345832814724,82.545770125,8.82115578522,10.6863813516574,44.2256372625,3.68290317519,8.32752991964872,24.7715863315,2.2505733995,9.08530188330382,14.9615572149,1.35930428541,9.08531288478641,9.03648818623,0.820992193086,9.08530145966489,5.45786307075,0.495863932357,9.08531280336537,3.29644294219,0.299492131541,9.08531216202491,2.59873017398,1.86093963702,71.6095751553128,62.3292506825,14.9432111407,23.9746362696055,665.097717285,57.1493033898,8.59261758153216
"45",45,"Amazon1",14.4488149881,11.9331462597,82.589100002513,120.990884781,42.5970048269,35.20678843204,202.363779068,73.1974720351,36.1712320120804,210.98077774,71.0427530265,33.6726187984996,169.422298431,45.0354459664,26.581770158632,108.332155228,25.4951055327,23.5341994987933,67.1097259521,16.2216952262,24.1718990743284,36.4368824959,8.95073865552,24.5650506914997,21.6697952747,5.38582527629,24.8540662614292,13.0881342888,3.25293479776,24.8540756534234,7.90497684479,1.96470859263,24.8540714439271,4.77445095778,1.1866447482,24.8540567008308,977.522735596,288.536069816,29.5170699676953
"46",46,"Amazon2",24.0689768516,21.2180273731,88.1550865411611,87.6308849775,39.6841520726,45.2855772057868,169.036757543,56.0969544565,33.1862461584605,178.750859187,58.6201731068,32.7943448067428,161.044436528,52.6565563933,32.6969111932934,96.6051378984,31.0960955112,32.1888630229004,54.3158581807,17.8929121674,32.9423353818202,30.3425382834,9.8216170621,32.3691346134785,18.3212802594,5.93179659697,32.3765398104568,11.0656979084,3.5826900705,32.3765396467255,6.68346546246,2.16387490874,32.3765405970025,4.36310404998,1.6206646662,37.1447631694098,842.229000385,279.841718396,33.2263218516673
"47",47,"Amazon5",139.162496948,65.6475241052,47.1732870169253,240.216864014,43.9179553294,18.2826278703066,338.517944336,73.3394968125,21.6648771622298,351.214700317,68.6014503657,19.5326250022512,272.963519287,57.6774347786,21.1300890790306,167.450500488,33.5762886057,20.051471036425,88.0623039246,20.6799860952,23.4833580017466,51.54972229,11.029569977,21.3959833089918,31.1350269318,6.66164158565,21.3959718109191,18.8049501419,4.02350376095,21.3959820716838,11.3578226089,2.43011632662,21.3959700754241,30.3789003372,21.3052742084,70.1318150819007,1740.8144043,337.800430782,19.4047355046923
"81",81,"Amazon8",171.025801341,55.4313977946,32.4111317473543,237.623929342,17.2233018291,7.24813442686211,311.171284993,26.6726105026,8.5716811894131,326.652053833,18.9840500559,5.81170387056729,247.202931722,14.2530517884,5.76572926911269,131.755349477,13.7235122151,10.4159051374955,71.4415664673,6.47203848021,9.05920572608435,42.8962186178,3.49375597933,8.14467123654636,25.9084768295,2.11015938291,8.1446678505906,15.6482165655,1.27449619683,8.14467381311627,14.0533108711,10.1561457099,72.2687045284514,43.3079258601,35.3730092874,81.6779113404493,1638.68699137,110.87680717,6.76619804477139
"82",82,"Amazon9",268.974090576,0,0,239.487503052,0,0,309.273712158,0,0,320.452606201,0,0,234.6434021,0,0,102.290100098,0,0,61.781211853,0,0,37.3146514893,0,0,22.5373191833,0,0,13.6120996475,0,0,47.5426483154,0,0,117.596000671,0,0,1775.50500488,0,0
"51",51,"Andira1",159.597509575,79.4688459051,49.7932869483499,265.911222839,20.1408861439,7.57428961774006,361.925299072,13.9300125354,3.84886399793478,365.814898682,13.5356940775,3.70014838823349,273.26806488,17.5401755172,6.41867007947028,153.193209839,21.5949109472,14.0965196629116,83.3979606628,10.4151994256,12.4885540879248,49.3539089203,5.2553274312,10.6482496445958,29.808798027,3.17411570546,10.6482512397346,18.0039311409,1.91710079265,10.6482344197311,15.7995521545,10.6546889617,67.4366517323426,31.3646214485,39.0595908096,124.533914345929,1807.43912354,95.0085717059,5.25652955435748
"29",29,"Apaporis",197.215010749,83.4269641304,42.3025426987297,44.3526862195,58.7490476792,132.458826481113,83.8863205976,94.3613418776,112.487162633164,171.049724184,156.639923355,91.5756655570522,244.617371029,120.880184041,49.4160261523984,256.310057322,90.9407932413,35.4807744149703,246.230691486,131.098760821,53.2422501962774,207.914264679,92.0647985827,44.2801741981674,223.951761034,54.7869452389,24.4637260211508,222.053766039,49.6573924102,22.3627787521868,184.151117961,36.3313775602,19.7291105058045,135.737078349,49.8863884572,36.7522191165296,2217.46976047,870.48604,39.2558246122598
"97",97,"Apurimac1",22.4551916779,28.9492970698,128.920284827902,21.9831213593,25.2738236447,114.969222211967,19.9327451877,25.3432479178,127.143791179545,9.93851791248,14.7490883377,148.403297831554,5.20831824206,7.08351672918,136.00391527493,3.14338072073,4.2697770478,135.833913456351,1.89854065916,2.5788625489,135.83393837038,1.14668145319,1.55758193901,135.833882607667,0.692573409807,0.940749404868,135.833890176373,2.15531969741,3.68183424226,170.825434699287,3.62109311225,6.68338956036,184.568287894901,9.36972263945,12.7949308729,136.556132611958,101.545213294,132.784203794,130.763626848225
"91",91,"Arinos",125.958272843,50.6512783133,40.2127444034057,102.50036276,30.2058436196,29.4690114320138,84.9223496573,24.4866317027,28.8341429570833,86.2666616894,26.5645474324,30.7935266210308,35.2509472257,10.4955430567,29.773790160873,20.9254048665,6.22703251963,29.7582415220028,12.638537475,3.76100634716,29.758240259995,7.63343054908,2.27157444089,29.7582381379467,4.61044366019,1.37198680606,29.758238190974,2.78461857069,0.828653643946,29.7582459827045,7.81171199537,10.422669997,133.42363368206,38.8294989027,24.016226164,61.8504663791323,530.132258824,178.429433317,33.6575317474195
"92",92,"Aripuana",471.852051799,45.5476330223,9.6529479629565,363.99185791,14.4100855623,3.95890326916681,376.314937846,55.9888771523,14.8781968297024,349.607768758,25.5496068739,7.30807755350126,188.592878215,45.6608355087,24.2113254439256,99.2636675517,18.8438433875,18.9836259854951,59.1218949636,10.1220258314,17.1206045368334,35.7084758123,6.11350535912,17.1206001377806,21.567223676,3.69243987414,17.1206082415186,13.1225242297,2.45108893043,18.6784866046007,76.0267802556,38.8172128031,51.0572888561078,197.403798834,73.621107556,37.2946761870116,2252.57378337,269.661643092,11.9712679372734
"15",15,"Bacaja",129.080897591,35.1423888109,27.2250886589359,135.983044711,18.9730307696,13.9524973940117,136.229382602,22.1021226787,16.2241964666847,134.243637085,23.5278608432,17.5262391232016,67.4019546509,20.0101206149,29.6877452865276,38.6883950667,12.5685403612,32.4865902023887,22.5364781293,6.64187441271,29.4716608984028,13.5188016891,3.77972383451,27.9590153138908,8.16509381208,2.28288075688,27.959026674042,4.93155756864,1.37881527375,27.9590221660992,15.6315133788,11.7371890464,75.0867095333097,42.0324407274,18.6686921456,44.4149609742513,748.443204013,110.323484699,14.740395010265
"33",33,"Beni",129.044591045,43.2266943132,33.4974863829249,105.471956635,31.8132012041,30.1627107518199,102.627583265,56.2172942408,54.7779577890268,50.4584450483,27.9544781845,55.4009901766519,28.1971478224,15.8837638909,56.3311012551483,16.6609409094,9.01639364889,54.116953525734,10.0881450653,5.50029932779,54.5224051813973,6.1849334687,3.5740412168,57.7862516207668,4.05169101655,3.30544907904,81.5819633219361,4.29558718503,7.01824557156,163.382682489099,7.34403667897,12.25639315,166.889051427218,48.6119526386,25.8450114463,53.165960311123,513.037013245,205.279422706,40.0125950772228
"37",37,"Blanco_Baures",57.1074872718,58.5414064664,102.51091277712,59.9441873288,45.5396699904,75.9701182378372,66.3455134964,38.9752012504,58.7457978639578,28.2290393043,19.1047428216,67.6776230875482,15.5485059196,10.1996308542,65.5987842622399,9.39099583119,6.160378915,65.5987823414822,5.67197753534,3.72074880719,65.5987930842001,3.42576431751,2.24726008888,65.5987943301777,2.06909552746,1.35730152089,65.5987847287171,1.24969287921,0.819783342429,65.5987847948074,1.98351972843,4.75799589697,239.87640903053,22.5557232006,24.9384769994,110.563854581868,273.521500883,207.08838902,75.7119233228334
"11",11,"Branco",40.6996539538,47.2736834239,116.152543895244,5.47198544341,13.2516954572,242.173441326662,11.1373305545,23.6820676096,212.636838726416,38.2818634515,64.0219309109,167.238282410182,76.0811674058,80.0427087614,105.206993387036,165.887860408,71.0728106657,42.8438889324975,186.067906239,67.5184702737,36.2870049104406,128.308263122,45.3131801345,35.3158705697813,72.2146934759,36.0425672962,49.9102960372301,52.9962287027,45.6219513954,86.0852791079372,36.9223417063,36.9171676747,99.9859867187158,25.4300898333,28.0289167569,110.219495647227,839.499380643,476.999781674,56.8195513507884
"21",21,"Candeias",319.291498184,56.3342846405,17.6435279238271,247.407484055,48.6422355689,19.6607777467583,244.699262619,47.3578876164,19.3535064672985,192.4727211,44.632893871,23.1892050031395,99.7905716896,25.1139405948,25.1666466777215,54.007319212,12.5577776862,23.2519922659108,32.6052222252,7.56666362854,23.2069070907661,19.6929198503,4.57011602491,23.2068990258973,11.8941410184,2.7602622787,23.2069072867888,7.18383058906,1.66714536086,23.2069136401802,48.3761113882,24.0778897517,49.7722720176577,179.685213089,40.266056676,22.4092210949244,1457.10639191,300.677316557,20.6352342029649
"52",52,"Canuma",398.326887651,73.0964094435,18.3508599870226,343.339859009,26.9473424156,7.84859133261706,408.813509854,25.3461369075,6.19992644483591,365.310649525,9.53784675836,2.61088658947165,236.065467834,17.3542489267,7.35145596936839,118.926667647,7.94495248539,6.68054746894307,69.1753683957,3.49473899633,5.05199911092521,41.7805789601,2.11075600467,5.05200276589214,25.2346568541,1.27485602089,5.05200458346184,15.2412427122,0.769987358179,5.05199853265676,39.0180157315,32.1076463901,82.2892855727127,157.053978313,56.5904058029,36.0324561088917,2218.28690407,202.249854426,9.11738937172294
"73",73,"Caqueta1",177.932272775,91.5911797483,51.4753047998883,38.7377116333,56.7336805965,146.455942296112,75.8283885963,86.7214783487,114.365450663067,206.442812606,109.643801299,53.1109801861968,270.753961213,96.4584275872,35.6258601554926,291.116737541,98.8172323824,33.9441947643024,237.58159363,88.3448495327,37.185056377004,206.521613627,78.8340710445,38.1723102294188,198.051453916,64.846052453,32.7420229293057,199.476414133,55.0587746481,27.601646484075,170.889567453,43.8381820955,25.652930573165,123.091149116,58.9267912066,47.8724844392085,2196.42360547,740.564797736,33.7168475102748
"95",95,"Chapare",114.786258929,135.522615773,118.065190936161,81.850500805,81.5471424292,99.6293750523009,84.5679073845,91.0728209899,107.69194107621,52.9066013949,62.4693720693,118.074815660569,33.1022122162,41.8850060762,126.532347151414,20.2267609835,27.0027076559,133.499909738032,13.3827286544,18.9257760955,141.419411423825,7.59544357338,10.3320735414,136.029890046332,4.48932614444,6.02203651954,134.141212417776,4.89157023174,7.43904477278,152.0788707992,7.73130879445,14.9058545458,192.798592606989,45.8819159844,62.1584768227,135.474893515419,471.412589141,551.318992101,116.950417702167
"8",8,"Coari",338.728308105,28.4391403617,8.39585581754341,219.439250183,12.8975117516,5.8774862477174,253.493157959,31.2131383514,12.3132074264696,317.193859863,19.5637595277,6.1677611086639,263.010093689,12.8317261644,4.87879608893378,162.195898438,26.7305497807,16.4804104407843,89.3783302307,16.0314113712,17.9365751517402,52.1282093048,9.73270621587,18.6707089034302,33.3772583008,9.44479643212,28.2971008193732,46.2536532402,25.6993321477,55.561734797986,87.936636734,30.6554467428,34.8608360307545,161.450518799,20.0276423875,12.4048176100528,2024.58530273,170.416325356,8.41734478296402
"30",30,"Curaray",27.6735172272,8.74727589715,31.6088331863808,3.63151268661,3.90306162191,107.477570883925,11.8234071136,5.5959060219,47.3290479481439,27.0702254772,7.24490481518,26.7633707790208,39.5670862198,3.48812680813,8.81572827666164,41.0248656273,5.03352949809,12.2694600484942,38.0454368591,2.82544958388,7.42651370871087,31.5210938454,1.81967267264,5.7728728627403,28.547087431,2.6139675025,9.15668720607002,27.7647447586,4.81254323894,17.3332882429951,25.5715858936,5.55682046767,21.7304491430105,20.0485063791,5.09078240625,25.3923275379606,322.2890625,52.7903543503,16.3798156663477
"2",2,"Curua",34.515314017,24.917923707,72.1938200959929,156.901384762,76.0920209318,48.496717251554,251.773083278,115.591335474,45.9109186609784,279.602342878,128.304279211,45.8881273634333,247.567228045,107.443343674,43.3996634055579,169.245267596,72.7836315836,43.0048252559354,97.228377206,40.9276695046,42.0943665632571,52.1171530315,22.1793237432,42.5566679165968,31.4682159424,13.4141752548,42.6276954478562,19.0061900956,8.10190143476,42.6276986287516,11.4793683801,4.89339085132,42.6277011878364,6.93331587315,2.95551280573,42.6276958933248,1357.83699036,601.640915068,44.3087733902792
"4",4,"Curua_Una",46.155023965,14.5001797211,31.4162543433965,159.572848927,30.1874351697,18.9176513252012,181.581455578,4.54850988999,2.5049418595701,215.949791648,7.37120413756,3.41338793675482,146.897555265,6.32533852468,4.30595220816931,108.296507402,4.58904392342,4.23748099870417,57.3323281028,2.39932853375,4.18494872464951,32.2609623996,1.13123637596,3.50651775960046,19.4849936745,0.68324579972,3.50652307685459,11.7685573751,0.41266487777,3.50650351285298,7.10797847401,0.249241867289,3.50650847073245,4.29308085008,0.150537347266,3.50651088397729,990.70094438,51.7295804189,5.22151318340303
"12",12,"Demini",155.69945844,77.1174920059,49.5297111361616,69.6607005596,33.794285693,48.512698582591,92.0458057721,41.8026419767,45.4150426801639,236.746021271,66.9027089551,28.259274895487,296.027877808,54.7692021975,18.5013663588206,319.236699422,56.8445986938,17.8064109786629,298.719033559,77.5405984247,25.9577026280734,191.878510793,55.1589769596,28.7468235664524,137.964088122,55.1934451305,40.0056608076829,123.241799037,64.0267739465,51.9521578285933,107.218637466,66.1362564502,61.6835449631342,87.9098024368,52.4752900887,59.6921943106691,2116.34840902,656.700981959,31.029908835431
"14",14,"Fresco",113.613509587,14.0772316817,12.3904557942736,85.7262785775,15.6579414431,18.2650427650893,84.3702776773,13.8643995383,16.4328006496893,76.1308803558,12.909194241,16.9565807996289,39.6438816616,1.83350720197,4.62494368644526,27.5800093242,10.1845788596,36.9273945482809,16.4882272312,7.41450015531,44.9684496176754,12.3118530682,9.59050171464,77.8964926036283,14.6120166097,17.3361587362,118.64316335838,21.1262905598,18.3747586092,86.97579235308,41.9400610243,12.1894311588,29.0639328153039,51.7233554295,8.94667902887,17.2971744670829,585.266649519,34.0260881291,5.81377533762846
"94",94,"Grande",76.6839460612,58.3382144259,76.0761768562893,63.5525177338,44.8247953876,70.5318954873761,44.5880144415,45.2714424718,101.532761749678,22.512155221,24.4190471014,108.470498989014,13.1281626891,13.7914469822,105.052377158997,7.83385550805,7.85660974716,100.290460285955,4.68053350862,4.69680836837,100.347713774937,2.82695124618,2.83678082323,100.347709464862,1.70742351738,1.71336042008,100.347711194063,1.28725628535,2.1968190532,170.659027126264,2.40856504852,6.00108844261,249.156170654287,24.7191907886,27.3581656044,110.67581393893,265.928578225,227.573184641,85.5768064342645
"38",38,"Guapore",95.2742387778,46.8084499577,49.1302271822579,101.100413952,32.8252182479,32.4679365442407,102.923584137,25.3320244565,24.6124585233846,53.0307830811,22.0124358833,41.5087890549087,27.1745410252,9.35649075133,34.4310902717855,16.3256996155,5.53590090183,33.9091189487162,9.86040449619,3.34357640334,33.9091201038653,5.95549258947,2.01945540508,33.9091246398431,3.59700169206,1.21971181761,33.9091254892202,2.17251917839,0.736681989318,33.909113284051,2.33204742312,4.54013812248,194.684639663367,23.4952433321,25.9398445697,110.404664480576,443.241966858,157.042118883,35.4303361651924
"26",26,"Huallaga",12.0677642445,14.0903969043,116.760624576519,10.2487289481,10.131664125,98.8577625216471,12.4530546088,9.59113932913,77.0183672233508,11.3784213441,7.83982437033,68.900809112638,7.30270251345,5.71177628796,78.2145551929596,4.04168593024,3.45597384387,85.5082236353971,2.34789704246,2.07540002147,88.3939961564715,1.38418529107,1.16918169106,84.4671373553032,1.01731853497,1.0470056617,102.918174171561,2.4193095651,4.04921013261,167.370484167148,5.32705632584,6.99569762106,131.323890590867,6.45376179128,8.25862018793,127.96599030179,76.4418864625,72.1544042758,94.3911873645305
"13",13,"Iriri",127.993707618,69.3183156868,54.1575964762909,129.214683611,50.3903512361,38.9973877797045,134.587616317,54.4324318032,40.443863479232,128.687180305,55.689492831,43.2750897945009,68.9077384715,36.4830373155,52.9447608131694,41.4640022589,23.8002281144,57.3997366819346,23.4689041692,12.4352118744,52.9859075854068,13.9772578843,7.24507763212,51.8347568034647,9.7864111005,7.92752627118,81.0054491863209,10.9274683899,13.9248470975,127.42976324114,34.5936766206,36.2617793185,104.821987313446,49.8991440462,38.7637112365,77.6841205945536,773.507805338,315.597138974,40.8007697913395
"36",36,"Isiboro",90.765688215,46.4231184679,51.1461097038518,84.6763932364,38.0280402331,44.9098488724397,67.6731529236,38.2888517011,56.5790864574116,30.2695766176,18.8374985101,62.2324479396487,17.6967278889,10.6076115352,59.9410896850229,10.5350818293,6.09308753655,57.8361671534815,6.36298462323,3.68010694024,57.8361752880033,3.8431193488,2.22271276211,57.8361627724113,2.32116913795,1.34247608364,57.8362025279055,2.37289464899,2.67430694434,112.702304144783,4.99951401353,8.03963570962,160.808344328321,30.5641344488,29.1649033564,95.4219835842433,352.080450875,189.127025486,53.7169913910234
"34",34,"Itonamas",44.2811908244,64.9666747224,146.713928674659,41.9941931481,54.023312967,128.644721846369,37.3130258137,47.2209343893,126.553484633139,17.7364577524,23.7522125639,133.917453504412,9.80005415406,13.0133571023,132.788624406823,5.84299020423,7.68112350086,131.45877765291,3.52905229136,4.63924957242,131.458793732755,2.13147896275,2.80201647998,131.458791240655,1.28737193836,1.69236330039,131.458768826818,0.7775479246,1.02215446734,131.458709489301,1.07162278052,4.2525058432,396.828615488791,17.326477435,26.6539107782,153.833408309287,183.091458565,246.856529521,134.826895506631
"16",16,"Jamanxim",221.705410204,55.7098543369,25.127873192467,186.617425216,16.0604018492,8.60605692668352,214.362695794,17.6634019975,8.23996075066826,186.717978227,15.3885460703,8.24159848795683,98.5331573486,15.7328064063,15.9670174280917,53.4302175421,8.54810937754,15.9986422866509,31.5593085038,4.02463595552,12.7526113413905,19.0612089759,2.43080076585,12.7526054035889,11.5125990918,1.4681557882,12.7526006637868,11.66300224,8.4897339779,72.7920118953865,62.3652928754,40.0536527493,64.224267862132,102.088774832,36.5539627608,35.8060548977634,1199.61705579,138.113197818,11.5131072162897
"72",72,"Japura1",287.491726419,143.087387435,49.7709583567145,150.821548296,74.1231794135,49.1462793287515,183.475249747,93.3953696246,50.9035250004488,247.833523626,120.610996374,48.6661346735365,247.070301885,118.418061981,47.9288935487351,208.22395391,99.8938793266,47.9742495763849,163.376149551,81.2339076892,49.722011390556,123.010980689,63.8935980674,51.9413776798818,111.993666524,60.9850950413,54.4540570320832,128.060630052,71.1674139821,55.573218680247,145.52800618,85.2751841565,58.5970950849318,166.568604842,86.9724556868,52.2141947273308,2163.45437755,1066.49152864,49.2957716005893
"1",1,"Jari",32.928051798,19.0919138807,57.9806968168691,69.0923724927,23.8492565226,34.5179296384993,114.027484693,59.2914110008,51.9974733814678,133.998727899,54.3270413656,40.5429530693369,148.560782583,51.5121354031,34.6741141958649,113.842039409,39.3766829768,34.5888769923837,70.29114151,25.9600947221,36.9322423344153,40.1066857388,15.0480797224,37.5201277422986,22.4439355951,7.95783739209,35.4565150054493,13.5557017075,4.80637859823,35.4565090169457,8.18737986213,2.9029585425,35.4565024633507,4.94501852989,1.75333139697,35.4565182389519,771.979307476,243.100891199,31.4905968132517
"10",10,"Jatapu",41.7501761913,34.5620274896,82.7829500197465,58.480688488,84.6868139363,144.811588450566,92.4594507217,115.950316343,125.406667937069,115.104997552,125.249290817,108.813078042434,147.036100785,86.4122970187,58.7694427132928,218.241909027,43.1592673827,19.775884281401,165.150558472,58.805794598,35.6073846447029,104.586547216,46.2994425839,44.2690229444891,51.5337333679,17.7876073723,34.5164345950138,30.8606710434,10.4894624253,33.9897418644865,18.6392459869,6.3354309992,33.989738660312,11.2577421665,3.82647821378,33.9897481856226,1055.10175578,267.113546176,25.316377753398
"64",64,"Javary1",154.031129631,81.4783403845,52.897320547925,91.040735786,48.0047612265,52.7288809916253,113.92822111,62.0774852345,54.4882423596897,121.259678351,64.1622741176,52.9131158767179,91.968734535,52.0806497115,56.6286466534776,62.0821715432,36.5261650072,58.835192293142,39.0920778738,24.5339189903,62.7593116679606,28.4953973551,19.6672818762,69.0191529218315,32.5625532898,23.5051064142,72.1844697036176,65.8074284373,39.5029159271,60.0280498192352,82.0198727427,44.4943413472,54.2482447964541,89.2010298806,48.1029473358,53.92644838315,971.489028518,531.064290157,54.6649807221328
"17",17,"Jiparana",261.347723007,121.102617197,46.3377357199153,213.306724866,78.7468979979,36.9172130167809,214.732533455,89.5660314008,41.7105083983791,167.938194911,78.9317310701,47.0004641361844,85.6560058594,44.9812803069,52.5138661972337,46.7809057236,22.4984899765,48.0933184779062,28.247272412,13.5778163784,48.0677078493139,17.0608018041,8.20073696689,48.0677113599621,10.3043926756,4.95308608081,48.067714777005,6.22365279992,2.99156781184,48.0677169503809,35.6873797774,37.2151829593,104.281074126007,120.743688623,87.9352512293,72.8280312057234,1208.02922821,579.29577212,47.9537877554811
"63",63,"Jurua1",188.541016117,110.528283173,58.6229381008593,113.21704563,58.1953831104,51.4016089949794,130.129616676,67.4480150437,51.8314099177236,145.565736125,94.9463227667,65.2257360105457,107.024866166,97.4881906548,91.08928994463,73.5104701673,79.7309785822,108.46207132228,46.3190243321,56.0825857845,121.078944544248,30.6874787,40.0419702217,130.483089253273,28.5477799043,38.4680264902,134.749625432014,56.0373578966,48.2200371625,86.0498049381191,82.6507221268,50.532446213,61.1397516109718,105.053504921,58.769879049,55.9428065662301,1107.28461444,775.757680358,70.0594653119363
"90",90,"Juruena1",236.742661879,96.31142431,40.6819047929879,182.061798943,83.761442692,46.0071487694264,154.409629313,96.2440374796,62.3303338708922,160.027924262,79.1098860298,49.4350510353932,68.7588565403,43.3761439736,63.0844463624507,39.5504518297,22.323818306,56.443902087703,23.8734477573,13.4424444116,56.3070929186991,14.4190985256,8.11897440402,56.3070873647571,8.7088546647,4.90370241487,56.3070874835746,5.25997854339,2.96174061653,56.3070855156225,16.951151575,29.0880548489,171.599284686946,76.2057962894,50.0890736315,65.7286926591268,986.969635688,498.488721109,50.5069966779182
"6",6,"Jutai",455.758351008,63.0614682224,13.8366018050853,249.745223045,32.4201799098,12.9813013095984,283.073121389,39.5079389314,13.956796299677,336.415493647,42.8987874111,12.751727616955,274.793565114,40.8936348118,14.8815838518034,199.919826508,35.9633849814,17.9889036568171,133.567819118,28.191619646,21.1065957594877,97.4250816504,22.7927267076,23.3951322611044,108.182360331,17.4974604032,16.174042006168,202.813434283,29.3759434451,14.4842197209232,239.061050097,40.2831696577,16.8505783946632,258.13157177,37.1368515883,14.3867917177484,2838.8869222,363.265695169,12.7960607493125
"19",19,"Luna",315.03202012,84.5424732601,26.836152473611,269.308502197,57.9388183955,21.5139209950073,320.814378626,62.2485994742,19.4033072148454,313.640542423,52.3004533214,16.6752846801494,229.96833532,35.6746210234,15.5128404846515,114.413649166,19.1559844597,16.7427440688541,64.5879038642,10.5765283734,16.3754011829178,39.0098383286,6.3880180493,16.3754025215137,23.5611817977,3.85823754167,16.3753990559448,17.9057717043,9.43678038527,52.7024500318174,35.7648066352,24.0003533706,67.1060621560265,124.332324757,48.4787490533,38.9912672734535,1868.3393052,350.542743692,18.7622635094366
"53",53,"Madera1",310.705739339,28.5904865771,9.20178901037484,280.038238525,24.67976503,8.81299823909468,344.13583374,21.1211466649,6.13744475120756,338.148610433,11.6141517089,3.43462943527346,244.383906047,7.29638549859,2.9856243877151,118.088167826,10.4016280213,8.80835752878014,67.8793067932,3.96606767794,5.84282289449855,40.9977836609,2.3954273497,5.84282157668085,24.7618605296,1.44678989497,5.84281578211995,14.9556833903,0.873835398543,5.8428316228582,24.3287967046,21.1484510388,86.9276491377041,112.682884216,22.2116371921,19.7116335339117,1921.10701497,103.882621955,5.40743546015432
"54",54,"Madera2",486.17477417,35.5439901911,7.31094908241195,379.209455218,20.8528574721,5.49903415781447,430.07296317,21.678976759,5.04076717569216,378.441964286,23.1770153684,6.12432487822213,254.344802856,30.74249676,12.0869372657892,127.871313913,15.0635018352,11.7802041554439,73.9445931571,7.69297910388,10.4037073914732,44.6610957554,4.64640928247,10.4037064113193,26.9744330815,2.80633941435,10.4037011857524,18.4554589135,4.17193105803,22.6054040573235,66.2717527662,17.6486605262,26.6307435514233,218.167885917,27.2273097407,12.4799805554601,2504.59043666,204.745255139,8.17479984520097
"55",55,"Madera3",388.874982561,50.0172900238,12.8620487989232,305.03238787,39.6191271256,12.9884985008494,357.609769549,44.160889573,12.3489046814055,309.71522304,42.2353441015,13.6368318247131,179.615572248,36.5698755248,20.3600807363779,92.4199823652,17.1441497836,18.5502629895064,54.8317718506,9.55256024453,17.4215786251771,33.1173242841,5.76956160189,17.4215813825878,20.0022182465,3.48470219469,17.4215787056506,12.0809508732,2.10469196537,17.4215753996565,22.0164070811,18.3651607086,83.4157936894508,173.384815761,21.709177529,12.5208066425636,1948.70145089,277.566339501,14.2436564294767
"56",56,"Madera4",216.263334486,56.2680271388,26.018292593395,179.980155097,54.7741909001,30.4334613283223,179.009691026,53.8461888511,30.0800412214997,135.962299771,51.824076177,38.1165045488983,68.9985347324,29.651964945,42.9747748412347,38.0958489312,14.8179659607,38.8965369624938,22.9850063324,8.89767670794,38.7107864112167,13.8824968338,5.37402415561,38.7107897084172,8.3847577307,3.24580369584,38.7107630308243,5.06423094538,1.96040301835,38.7107744392747,10.7011892001,11.1390735595,104.091922413594,101.157976151,44.6269564074,44.1161024621377,980.48558214,316.771760904,32.3076408948938
"57",57,"Madera6",145.327896118,1.28269958496,0.882624478316608,137.334350586,9.02615356445,6.5723932329645,137.968849182,5.46744537354,3.96281146501968,88.044052124,0.529724121094,0.60165804312135,42.5219192505,0.976860046387,2.29730939620162,25.0738649368,0.537514686584,2.14372490215942,15.1441249847,0.324645042419,2.14370287320652,9.1467590332,0.196082115173,2.14373325525774,5.52446436882,0.118428468704,2.14370952182095,3.33666753769,0.0715305805206,2.14377308235273,2.01528298855,0.043202996254,2.14376822011903,28.7064886093,9.494389534,33.0740191293341,640.144775391,25.5032958984,3.98398875985867
"32",32,"Madre_Dios",375.534689713,269.096639502,71.6569326012613,232.736011529,134.019510702,57.5843462391296,231.902688071,132.519237066,57.1443298774646,166.792814008,117.602770206,70.5082955194696,130.065073041,109.704856627,84.3461307959425,99.4186764274,100.283922048,100.870304908185,74.8200349886,82.9063009516,110.807621199632,58.2222519652,78.3175777506,134.51485490017,48.3261951861,66.5410937047,137.691563443917,92.4328341912,112.831687693,122.068839152551,115.746555712,122.51839861,105.850578322909,196.012992003,154.382230013,78.7612231390444,1822.01086932,1457.32231735,79.9842823052913
"58",58,"Mamore1",153.814480782,17.2760270979,11.2317299451052,126.802756786,7.81369103396,6.16208293258707,128.081018925,16.5820183873,12.9465072393044,70.1495060921,12.8155331888,18.2688858450042,35.553209424,5.2446887361,14.751660457859,21.2380436659,2.97066689138,13.987478969872,12.8273641467,1.79422580174,13.9874862927438,7.74747827649,1.08367662529,13.9874754935223,4.67932642996,0.654519634252,13.9874754208502,2.82622137666,0.395317148695,13.9874799603342,2.26726203412,2.14353100575,94.5427115830472,46.0482344031,24.133600999,52.409394870035,612.03490448,52.8929689418,8.64214909225466
"59",59,"Mamore2",163.326804691,29.4722553062,18.0449592226817,150.540282355,25.2520177873,16.7742596149457,153.87555525,34.6397838697,22.5115573512772,74.762881173,16.3756806218,21.9034905622577,43.0242390103,11.1190657891,25.843724479213,25.8066911697,6.76019375573,26.1955076351177,15.2023319138,3.65558244066,24.0461954217802,9.17661131753,2.20055601418,23.9800503479568,5.54249389966,1.3290932346,23.9800576899423,3.89380619261,2.38107051563,61.1502061953931,6.27318922016,10.5301424441,167.859474256882,55.0369750096,25.0424991804,45.5012274494227,706.461871677,121.541405244,17.2042413209767
"40",40,"Mantaro",16.8042224921,6.64602587844,39.5497374636906,14.4807114968,3.1871048619,22.0093112317326,14.8653766926,3.60934737343,24.2802281305575,8.45528371517,2.80065481278,33.1231323173133,4.21310470654,1.27479152914,30.2577699329699,2.49850593163,0.724974353309,29.0163150757875,1.50904875994,0.437870380861,29.016317595888,0.911436227652,0.264465294004,29.0163245634095,0.881312686663,0.563288229784,63.9146852539742,3.1949436527,1.93415846462,60.5381088015581,4.69531087291,3.4946852759,74.429262949614,7.9164309943,4.11897379371,52.0306915663858,80.4256905776,26.8209379167,33.3487194503122
"67",67,"Maranon1",19.74191717,6.06613256233,30.7271705685614,13.5961223749,2.15708750638,15.865461099131,17.3740775035,3.86122481477,22.2240565808007,19.6838953312,4.38983051312,22.3016351146812,16.5554081843,4.62329118914,27.9261685225279,10.1971053344,4.38297588069,42.9825498213106,5.97540242855,3.17340295303,53.1077695766185,3.86665481787,2.39692320276,61.9895831322326,5.1596373503,2.94333254543,57.0453376003037,7.32383539126,4.50740467705,61.5443198304125,10.2030792832,4.69413645992,46.0070565917211,11.3042220886,4.66795879966,41.2939409989787,140.981358455,46.2334967648,32.7940497037822
"68",68,"Maranon3",5.19228825351,7.18579397436,138.393587249367,2.70072147312,3.03366410244,112.327914323404,5.90564716672,5.4802583974,92.7969152692158,9.86423464782,8.60052626111,87.188986963228,11.1138025615,10.0868436446,90.7596080529849,10.5592523837,11.3893483904,107.861314196651,8.4141333396,9.10868149764,108.254541852471,5.77506634204,6.88641848712,119.243971917514,6.14670293243,7.75270645691,126.127885829763,6.08947555366,8.04815854815,132.16505226485,5.20113008632,7.17856725798,138.019375382689,3.01730255714,4.51288472333,149.566861057766,79.97975841,85.2893401793,106.63865692377
"69",69,"Maranon5",5.99943519068,7.15787886345,119.30921221667,5.20967245361,6.34444230907,121.781980835929,6.54627725352,7.40695207808,113.147546173624,4.64361777966,5.18736872025,111.709640336286,2.36026913316,2.90517881053,123.086760306883,1.3379288766,1.62569539777,121.508357148347,0.795055175443,0.945770687763,118.956610430971,0.479861258408,0.570328576077,118.852807157039,0.493589086944,0.801970643296,162.477385442476,1.99937215435,2.5059144888,125.335069979239,3.01745264217,3.64941887323,120.943700067668,2.628598158,3.38739003042,128.86678856221,35.5111265609,41.1979235502,116.014127232904
"20",20,"Marmelos",432.706108941,19.5553651687,4.51931802316348,329.394622803,15.5021953109,4.7062684809434,382.498372396,19.6229187693,5.13019667152581,329.010582818,21.2712614948,6.46522106146558,191.861865573,23.9395642651,12.4774999938648,97.9979265001,11.0122881458,11.2372664801115,58.3426411947,5.91545607002,10.1391639954713,35.2378190358,3.57282125493,10.1391668176177,21.2829577128,2.1579135422,10.1391619121725,12.8544921875,1.30333879035,10.1391698041358,51.0176118215,28.7360580492,56.325760895554,204.705496894,22.406101226,10.9455298299109,2146.91033257,123.655907719,5.75971459278299
"18",18,"Maues",219.897092183,93.253916902,42.407980922455,306.779288398,32.0749194059,10.4553731685718,387.076765272,16.962513076,4.38220905976632,371.60228814,3.5614600285,0.958406377508158,254.15214369,16.4510903215,6.47292998699475,137.428410848,16.7139341033,12.1619205229595,76.7322642008,7.31848834,9.53769371492585,45.8501180013,3.79341351162,8.27350872142236,27.6925790575,2.29114860637,8.27351111506347,16.7257811228,1.38381259194,8.27353043651656,11.147014406,1.69085286694,15.1686613594926,53.0089991358,57.0757233656,107.671761957591,1908.09267849,144.448927187,7.57033077142312
"70",70,"Napo1",32.444418226,4.68184080814,14.4303429191654,11.6135149683,5.22577777051,44.9973826595494,22.9635776111,8.11601756546,35.3430014386649,31.064201355,2.01205650709,6.4770907325005,34.8008880615,1.69198393339,4.86189872626219,29.788451331,3.60187428186,12.0915123845718,25.5791427067,5.10758851771,19.9677861618566,21.8473095213,4.56820219325,20.9096785523922,20.3644643511,3.22698561829,15.8461600690994,22.1753044128,1.22380728592,5.51878460443409,22.6096954346,1.35101016178,5.97535763225066,21.5727389199,2.54037963783,11.7758790261287,296.823699951,3.71790118093,1.25256210388313
"71",71,"Napo2",39.7992213193,47.5018569006,119.353734384659,8.48514597556,16.750084788,197.40479228343,22.333791284,25.65566922,114.873775319911,44.0283139734,51.8432452249,117.74978541359,59.6114846117,74.4249736497,124.850058901389,64.1931219662,82.0394094529,127.80093402545,53.2183002584,66.4759446292,124.91181474498,43.2711639965,55.8737917618,129.124771791023,41.7844025247,52.022505434,124.502212047302,43.4638753498,52.4877090746,120.761686923165,36.6736608113,40.2131210697,109.651232465207,27.4205857445,30.6546990304,111.794471919874,484.283053679,565.01654153,116.670723296569
"74",74,"Negro1",104.279852267,77.5829971135,74.3988368096793,103.589125841,83.6465159184,80.7483558137076,131.379237728,94.9159513556,72.2457771844502,183.381837596,99.9824262681,54.5214442055961,197.114839356,68.9401975814,34.9746360074344,177.893585205,32.6707848563,18.3653529825997,120.267522459,43.165612167,35.8913290009075,71.3028308727,30.9893497933,43.4615981076917,38.7368790662,12.8746062742,33.2360442672672,23.2411138393,7.1868270085,30.9229026551529,19.2376068963,10.9452166612,56.8948971678235,35.3672352544,30.7162292919,86.8493934313925,1205.79161241,314.80258488,26.1075447564947
"75",75,"Negro2",128.652664878,95.7473056924,74.4231033093611,95.8081153523,52.2672024235,54.5540450632038,121.917924014,56.467332488,46.3158579385881,221.718181263,47.3254759665,21.3448783031298,257.856808749,37.7288937754,14.6317229156922,236.651171598,26.8045716723,11.3266169321287,162.161951932,30.1608844998,18.5992362206194,97.2445585077,26.7307318768,27.4881518174443,62.3470438177,23.8109495068,38.190983964568,48.4265438427,30.0754663932,62.1053331637535,44.5197511153,38.0053548206,85.3674018126727,51.0953559009,45.2200221017,88.5012371562784,1528.39989125,458.602872525,30.0054243101216
"77",77,"Negro3",330.879777687,123.664529078,37.3744596730786,172.090826168,56.8478059097,33.0336062505758,206.104484203,72.5645629162,35.2076584829316,304.777283957,86.1263597319,28.2587857643784,346.166449436,97.598561224,28.1941133760983,322.410482362,91.8477058806,28.4878162793337,285.774417522,93.6382844834,32.7665034873849,215.905902153,78.5386187123,36.3763185392886,173.009677089,70.8554903293,40.9546399493309,153.483749745,63.7600070653,41.5418617092896,155.114416965,62.3178984339,40.1754393003723,182.863623641,79.4868440084,43.4678272396316,2848.58108308,937.029812775,32.8946161420775
"78",78,"Negro5",207.404796427,144.047171526,69.4521891525783,83.5152498809,70.3638982374,84.252754242782,116.982980381,91.53224342,78.2440686003127,214.427923896,139.940666957,65.2623335684921,241.155700684,156.489659091,64.8915446108642,240.91519113,150.130375895,62.3166912766361,248.003776204,154.7638806,62.4038403643887,195.938928431,125.233688115,63.914653978064,163.529384093,106.56588552,65.1662000141794,136.461039977,80.5600268943,59.0351846269661,129.201165286,72.8035546097,56.3489922467355,136.409095331,93.1603593275,68.29482968232,2113.9451613,1361.87233084,64.423257318676
"9",9,"Nhamunda",79.8172569275,38.5019993799,48.2376880163551,221.615199089,49.7873788034,22.4656878264949,329.456224442,50.8432762284,15.4324831210924,346.495601654,41.5152280285,11.9814588786486,285.046596527,20.2695058722,7.11094470839614,183.066476822,8.59199018044,4.69337168092998,101.218322754,6.62049275388,6.54080464262422,56.8134522438,2.72692496477,4.79978747474827,34.2435040474,1.59738889748,4.66479392783194,20.6824102402,0.964790501678,4.66478756814694,12.4917738438,0.582712740851,4.66477177811073,7.54478669167,0.351949272553,4.66480083448321,1678.4914856,177.285126,10.5621701105399
"31",31,"Orthon",224.683602651,95.8788642039,42.6728355218819,180.435585022,37.0646164017,20.5417442447291,177.635375977,42.6955942946,24.0355244892933,123.383357366,31.0274099793,25.1471597480213,75.5492331187,28.6294954573,37.895150321802,42.5909824371,17.9096357791,42.0502997449041,25.7331880728,11.6384530052,45.2274042853705,15.2997424603,6.6202473731,43.2703190284302,9.33947372437,4.26237936548,45.6383249342834,15.5554341873,18.3606132236,118.03343450606,42.2942460179,49.3132671114,116.595687958427,117.638029099,58.5895172243,49.8049123000804,1050.13822428,391.145961545,37.2470930494106
"24",24,"Pachitea",1.26632804747,3.32942730718,262.919810852478,2.08128479454,3.27608153125,157.406691282443,3.07754012003,4.74311437707,154.120310120401,2.01103407522,3.16767670735,157.514820180432,0.931366885234,1.51276973993,162.424686116033,0.54181309955,0.863327730299,159.340505243604,0.327244555578,0.521433380861,159.340582439947,0.197649219901,0.314935527834,159.340637919921,0.119376333844,0.190214918257,159.340559499483,0.0721009999721,0.114886198049,159.340644503483,0.0435476669679,0.0693889638673,159.340255629419,0.48742989456,1.34009767614,274.931367791813,11.1567155307,18.8933607989,169.345187182653
"3",3,"Paru_Este",14.1231566171,10.4843280984,74.2350197101533,53.8780539433,38.0747812299,70.6684418668295,105.093883912,63.7923195005,60.7003158755806,132.538319111,65.9820141284,49.7833491257275,179.317830404,98.6433512945,55.0103417335901,146.659716288,98.7178052436,67.3107842713571,94.9896043142,68.9093885839,72.5441368888814,51.8072257837,38.6076068018,74.5216641458286,29.0003463825,20.3411782404,70.1411561507234,17.5156451066,12.2856774726,70.1411646435488,10.57910947,7.4203105266,70.1411640331575,6.38957621157,4.48172312161,70.1411638771076,841.892470042,431.787724443,51.2877522733348
"27",27,"Pastaza",19.2127155304,11.2701403612,58.6597992530906,7.43555314541,3.89453587988,52.3772179919676,13.1675922871,5.83576592982,44.3191572352766,21.6399299622,8.21448823804,37.9598651769614,23.3254175186,9.92391629719,42.5455033732045,24.0139873505,13.2093854512,55.0070475943886,18.7135650953,11.1174668215,59.4085988687009,14.664030393,9.60163640955,65.4774721016224,15.4208738724,9.84397600706,63.8353966741053,16.3107546767,10.3406710634,63.3978701069651,15.8877307932,9.79053875403,61.6232669187747,11.8998154799,7.62036694887,64.0376900107533,201.691966502,105.153675621,52.1357778620088
"60",60,"Purus1",256.547502136,34.962817214,13.6282041036851,198.172014618,25.5163875384,12.8758783562784,224.201753998,28.9521547179,12.9134380983292,229.099879456,38.0822949626,16.6225731122281,155.078495026,38.3720589424,24.7436363990808,80.0446838379,20.7393373274,25.9096998488989,45.0746736526,9.99059151837,22.1645343355552,27.2051075935,6.00172020103,22.0610052005968,16.4313559532,3.62492351813,22.0610126666025,11.765039587,8.2429720814,70.0632753544512,21.7522953272,15.0335027826,69.1122594487832,117.30818367,15.9221322516,13.5729083457558,1382.68104248,193.401049146,13.9873942871968
"61",61,"Purus2",224.062549591,27.5368072248,12.289785720579,187.563749313,18.7505624611,9.99690106951834,199.536523819,23.8470429798,11.9512170119951,170.726024628,24.7646983775,14.5055204275157,96.3088827133,18.3534078862,19.0568173663024,49.9149308205,8.74349662132,17.5167960319582,29.8112413883,4.94198648749,16.5775937443168,18.0054126978,2.98486325999,16.5775886956188,10.8749176264,1.80280068983,16.5776031760784,6.56823891401,1.08885583499,16.5775917905099,7.68136793375,3.54266517389,46.1202380154766,113.542913437,13.5044736563,11.8937177561443,1114.59679413,140.26821249,12.5846596032502
"62",62,"Purus3",150.542131094,36.2701769186,24.0930407023085,119.286444933,28.585493925,23.9637403403678,122.571870708,28.9532091275,23.6214140816,97.1331242525,25.7598085961,26.5201071151966,53.2355617866,15.2159648019,28.5823316055059,28.9179927869,8.36708423256,28.9338347035979,17.1277328815,4.69966052794,27.4388943385274,10.3387816686,2.83120609909,27.3843300868678,6.27527509592,1.77873390716,28.3451144367596,6.89378432857,10.0076685214,145.16944604613,25.5935136003,23.4121110151,91.4767365697907,77.4456292293,22.9273506976,29.6044475663268,715.361830517,181.88864125,25.4261037548714
"7",7,"Putumayo",272.712257478,152.070275079,55.7621708995855,111.665752369,98.7317700981,88.4172344729657,172.147537999,107.758676837,62.5966993716901,256.408274069,112.082600063,43.7125519720313,282.519230912,121.088452094,42.8602512130288,255.805518034,127.593684593,49.879176013725,206.480724381,115.178584352,55.7817610807445,172.211308793,103.117588858,59.8785234144806,168.637866276,96.7432516157,57.3674547431511,198.049924339,89.0473125635,44.9620533109009,204.494752279,90.4691939447,44.2403499045635,176.806132317,91.0857717791,51.5173148043248,2477.93924546,1052.47442218,42.4737783264182
"93",93,"Roosevelt",391.661812175,112.207930124,28.6491883139896,294.606058641,77.0847972485,26.1653808492899,284.42582876,88.0431302699,30.9546888388225,260.952100234,77.1929943998,29.5812887999674,130.712838953,46.6239417956,35.6689841403907,70.3873202584,22.5920216364,32.0967207637144,42.4189427549,13.5296950903,31.8954085406505,25.6202161962,8.17167269145,31.8954088008907,15.4741129442,4.93553282394,31.8954168276892,9.34606247598,2.98096490185,31.8954095322097,50.272334023,34.9780663162,69.5771680308244,174.285934302,83.0894430126,47.6742103976239,1750.16357422,528.849120083,30.2171252946282
"28",28,"Santiago",6.87234640263,7.33517380909,106.734634422428,2.65856247271,3.89072175631,146.346824505651,5.78766044974,6.28093609405,108.522884999796,11.0357271792,9.46901713309,85.8032912496884,13.6884727318,10.3976560228,75.9592120065007,13.1330027867,11.4108598121,86.8869061967759,10.6473831992,8.58608859771,80.6403642761268,7.67887377739,7.00820928271,91.2661086231847,8.44456917296,8.36129724622,99.0138996432566,8.1596798754,7.880506649,96.5786252565905,6.80647613419,6.69615024354,98.3791041285546,3.85283418403,3.59793553155,93.3841260665576,98.765592893,88.3995703503,89.5044192627586
"83",83,"Solimoes1",241.064374651,33.1945935303,13.770012088413,203.540560041,18.7505156945,9.21217652674386,255.279185704,33.0440966736,12.9442972729924,295.318769182,9.37817347839,3.17561037666739,236.858056205,7.87327734827,3.32404878872083,127.571081979,20.3404574933,15.9444108945069,70.3642120361,8.41306246667,11.9564509048346,41.3602676392,4.01112925597,9.69802538745754,24.9807987213,2.42264294363,9.69802035018328,15.3273829051,1.23853882096,8.08056292863859,27.1372303282,21.4659027031,79.1013026881871,91.8285882132,28.8471384515,31.414115160439,1630.63042341,80.3999276587,4.93060392498788
"84",84,"Solimoes2",290.54456838,21.7232600225,7.47673933249662,192.627374013,17.1279188169,8.8917366520005,230.658582052,25.065180903,10.8667887749996,288.0591863,17.185124991,5.96583126257342,257.647566477,24.1186312056,9.36109412380305,157.155907949,42.7971300867,27.232275671487,88.8666378657,31.1226406108,35.021737468941,53.1308501561,20.3947524219,38.3858951286863,34.012752533,16.334272938,48.0239666641272,47.9095915953,24.721483073,51.6002792965265,69.0609761874,23.7387279046,34.3735771127589,125.426903407,22.4722566279,17.9166159870657,1835.10092163,156.543102595,8.53049010819269
"85",85,"Solimoes3",311.089447021,22.9769904823,7.3859755457243,194.903100586,12.215321618,6.26738188426615,235.333938599,18.4077827328,7.82198387635289,293.368084717,22.1650258402,7.55536372048844,295.47487793,27.7701097098,9.39846727557628,201.873123169,44.9418857186,22.2624413855115,122.726774597,39.4773433189,32.1668547458633,75.81902771,28.4605518661,37.5374793448403,55.3037555695,28.1112866314,50.8307009929419,75.9491119385,27.1970252269,35.8095368500462,100.484248352,17.9336310326,17.8472062305505,149.854421997,15.1624070934,10.1180912056793,2112.17995605,238.265916781,11.2805689732319
"86",86,"Solimoes4",390.166561127,36.5393119339,9.36505471621039,213.66658783,14.1735408094,6.63348488565602,258.678600311,12.7582233355,4.93207529349596,333.45980072,12.9679579449,3.88891192188679,334.587715149,9.95504047447,2.97531559699877,266.751163483,14.5234496274,5.44456842765583,189.105625153,20.157239699,10.6592491274077,136.633551598,21.0511281885,15.4069977266171,120.454655647,24.7291473901,20.5298394298435,149.217453957,39.176135856,26.254392376437,182.643274307,47.0237701624,25.7462369423793,211.992815018,39.3328955021,18.5538814128018,2787.35800171,240.933631345,8.64379929658089
"87",87,"Solimoes7",307.626457691,202.798142231,65.9235046794004,166.630953074,110.615595691,66.3835821918849,180.238783121,119.134633931,66.0982236276091,213.112493515,142.695813146,66.9579764153791,180.971424103,121.198693794,66.9711775738802,129.492735386,88.2915094022,68.182596605914,83.9600747824,60.6336797355,72.2172769529384,59.2160440087,45.2928268126,76.4874242628325,69.2251397371,46.5766121254,67.2827997202844,142.708534479,94.0817346907,65.9257941609262,185.460953951,122.644731399,66.1296778573691,176.253189325,114.483374921,64.9539309668319,1894.89672089,1248.66983309,65.8964585945097
"88",88,"Solimoes8",44.9613872104,3.95090028522,8.78731847558769,24.0455676185,1.87198072294,7.78513841985476,31.5628712972,1.39067056061,4.40603311249876,34.372478909,1.03323564613,3.00599688740942,29.7758566538,1.72649111556,5.79829200426939,21.4024145338,1.67267159225,7.81534059911051,14.8584767448,1.84230362544,12.3990073618061,11.9010282093,1.85042089559,15.5484119779163,13.8144955105,1.17022108165,8.47096501468728,21.4466745589,0.977087119176,4.55589101467726,26.6364479065,1.93587527254,7.2677681323552,27.2081765069,1.08102116696,3.97314816994756,301.985877143,3.79387799733,1.25630974309884
"89",89,"Solimoes9",35.7130832672,3.96682974817,11.1074972678521,16.6773644553,5.19584977075,31.1551011832615,29.1071120368,5.9893491061,20.5769266924444,31.509516822,2.12443821983,6.74221135103764,32.279818217,2.5136661515,7.78711371483558,24.9398042891,4.2677083628,17.1120362987981,19.2983464135,5.61983317886,29.1208016399203,16.1711901559,4.98256453281,30.8113656742335,16.5427364773,3.35224830634,20.264170386441,20.2455495199,2.28628141166,11.2927604628007,22.2790768941,1.53730793708,6.90023174832308,23.0695665148,2.10478795626,9.1236562893789,287.833175659,13.759669088,4.78043194864419
"48",48,"Tapajos1",74.7359348444,47.3523827291,63.3595911092669,189.038952167,54.2031334895,28.6729972146778,232.126608042,74.3059364133,32.0109517129787,252.336752085,76.6563238203,30.3785806811361,179.604914739,61.983664558,34.5111182776229,117.867254404,39.3530112061,33.3875692660272,62.3115692139,20.5469253305,32.9744950892948,36.0343127617,11.8473079322,32.877851759094,21.7640210665,7.15554341069,32.8778555618294,13.1450460141,4.32180850775,32.8778499756808,7.93935155869,2.61028698585,32.8778360115936,9.56383760159,12.00695507,125.545367562534,1196.46853403,377.968339707,31.5903284505034
"49",49,"Tapajos2",249.577514648,69.0035383664,27.6481390816482,207.570297241,69.5487899598,33.5061378647303,253.127484131,83.8015885572,33.1064755156459,217.699915314,80.6223225855,37.0336949691571,123.281744194,56.1367224107,45.5353083927508,64.3417221069,29.217964933,45.4106044666571,38.0716574669,16.2156820692,42.5925298453269,22.9945414066,9.7939581847,42.5925353827187,15.2707190514,5.71934449009,37.4530136455209,18.7847057581,20.3469525543,108.31658912478,57.6827675581,39.0177406888,67.6419359551361,114.457985115,35.9541345117,31.4125174190124,1382.86101074,416.268690284,30.1019905146682
"23",23,"Tapaua",258.466576712,76.0572678753,29.4263455038706,182.585234506,45.6112940045,24.980822862213,195.895630609,50.6126636027,25.836545432563,196.672627404,67.1753644001,34.1559297228028,133.557681492,54.9071087139,41.1111574418794,74.8393494742,34.1012080998,45.5658799005943,42.2968670981,18.5264202215,43.8009278051996,25.2397505442,10.7881384351,42.7426507889123,18.2935342789,11.0124215108,60.1984359222584,35.0920923324,33.0204962115,94.0966867940578,72.0262542452,45.9780762555,63.8351622437232,135.051986331,40.7168171109,30.1489953736088,1370.01756941,436.850427767,31.8864836131357
"5",5,"Tefe",375.868274689,25.8461777894,6.87639248371935,219.076051712,9.61713908041,4.38986324851828,252.140197754,13.0345603907,5.1695685601933,331.696773529,3.74776618561,1.12987719046424,297.756011963,14.3125127072,4.80679218291603,217.666402817,21.1610411391,9.72177647318904,133.916074753,14.6875181364,10.9677035886022,85.0540685654,11.6281976945,13.6715361071279,73.8507547379,12.9651017215,17.5558147882358,103.835957527,17.2635371664,16.6257793326662,151.369886398,24.6829900884,16.3064072225703,183.999412537,30.4947476511,16.5732853331626,2426.2298584,110.745832791,4.56452353051299
"50",50,"Teles_Pires",176.773504469,46.8139204898,26.4824305149246,131.195832486,31.7367133787,24.1903365200923,131.871875593,34.1274929646,25.8792807876098,111.631890615,30.610146081,27.4206106448285,48.3987654368,13.8394205219,28.5945734297123,28.40309213,7.72748304779,27.2064851686625,17.154915407,4.66724955779,27.2064854128371,10.3612349404,2.81892794122,27.2064860746336,10.2939451377,9.55401789907,92.8120149395383,13.6752054161,19.1010967672,139.676854467663,50.8924816635,33.8147800979,66.4435668935985,80.4914378272,24.8861767368,30.9177937536983,811.144207086,236.861940688,29.2009655766286
"25",25,"Tigre",27.3627565929,4.96522720467,18.1459319999885,7.21795626198,5.96452562205,82.634549248624,16.4523102215,6.99587432501,42.5221396315986,27.0186425618,3.66370637591,13.5599202200109,34.2930013112,5.55119246787,16.1875375604905,33.061722483,8.68795627881,26.2779904564176,28.966979163,9.63564061075,33.264223226486,23.9630500589,8.38899435398,35.008040851896,22.6440304347,6.38878668094,28.2139997089464,22.4008419854,5.46885750205,24.4136247450627,22.5816057069,3.74667061458,16.591692651135,18.783086368,2.7238341584,14.5015260273758,284.745979309,40.6422128975,14.2731472437741
"80",80,"Trombetas1",28.8410193337,20.045807401,69.5045038771462,71.5363859324,88.6379026988,123.906039623752,141.747917642,123.857005502,87.3783598111223,194.625444088,115.305112969,59.2446242110383,295.111027527,97.2024892906,32.9375998264609,270.840694512,74.9630420126,27.6779093879035,172.412626309,50.2776789333,29.1612511273923,92.1737526788,25.555362916,27.7252061170313,51.7647121006,13.525528372,26.1288584889922,31.2548849318,8.17162749248,26.1451210276761,18.8773427116,4.93550381507,26.1451195248851,11.40154793,2.98094840291,26.1451201294033,1380.58734673,377.849565589,27.3687547900506
"79",79,"Uatuma1",113.306555907,47.8731501535,42.2509975440375,173.304413478,52.2958948719,30.1757432614598,243.358709971,66.0044643395,27.1222938136734,273.457314809,52.4637238819,19.1853430282324,237.148459117,17.2601698604,7.27821294924986,154.169189453,16.0716360005,10.4246743837228,85.993932724,14.3512948061,16.6887294853241,48.3916009267,5.83725511116,12.0625377118683,28.9073308309,2.93668826605,10.1589741482146,17.4594666163,1.77370091984,10.1589639524502,10.5451788902,1.07128246512,10.1589785841905,11.3545095921,7.61395046404,67.0566210040236,1397.39666748,188.849594749,13.5143870844892
"76",76,"Uaupes",255.973354721,132.334870269,51.6986896598044,89.0027517281,83.3038553954,93.596943665169,153.688659568,99.8363022998,64.9600969781555,279.723264263,137.235665984,49.0612271187315,319.849493408,127.996255042,40.0176513266282,305.170392609,121.705609013,39.8811981635897,327.874147224,130.351912351,39.7566912349283,260.257992363,101.159589571,38.8689656185104,237.751159668,75.2908585639,31.6679248458924,179.590109253,55.6697709425,30.9982388083936,158.754657745,54.7239294883,34.4707552305019,176.726422882,73.2251431043,41.4341794000959,2744.36249084,1122.7786846,40.9121859210493
"65",65,"Ucayali1",13.4649209715,20.0377429314,148.814411713311,11.1060891019,14.2016950746,127.873051839377,15.962147269,20.3186793793,127.292895102909,15.8549847868,18.2535376129,115.128067660443,9.91961923573,12.7947265377,128.984049020894,5.55189659695,7.64473717811,137.69595749153,3.18336713314,4.15996290076,130.678075345231,1.98689651241,2.68249288732,135.009189988777,1.4578539191,2.41755517601,165.829727130855,2.35576335175,6.17383215804,262.073529306486,5.69509473257,11.0596605042,194.1962517489,7.36518713252,12.692044472,172.324806466355,93.9038247532,130.170683076,138.621279184439
"66",66,"Ucayali2",9.45419069761,9.69018921726,102.496231853136,8.30192518234,5.80770956349,69.9561780663148,10.7800442882,6.38874602602,59.2645619555869,8.20998954516,5.30212417771,64.5813755126611,4.09522806274,3.04802750487,74.428760942575,2.24324995279,1.51865233934,67.6987572183476,1.35358821352,0.915921346085,67.6661732819873,0.880160681076,0.689218200944,78.3059520565527,0.920480814245,1.3856958866,150.540442033719,1.62292531795,2.53938643233,156.469703457312,1.75641857667,2.56674061194,146.134904631121,4.26191657832,5.55315500863,130.297130565118,53.880118582,42.39073655,78.6760268270116
"96",96,"Unini",175.139320374,68.6053018297,39.1718442684357,139.668000115,21.5216690574,15.4091624707732,160.474499173,25.1331966536,15.661800960977,240.087031047,42.8841792651,17.8619307665581,274.836344401,19.0221686796,6.92127117359912,221.959645589,21.1681589908,9.53694034545217,145.060343424,18.5958205873,12.8193689249348,85.3603346083,16.1460924585,18.9152169243372,54.5383296543,15.726296728,28.8353105562339,47.6584288279,22.5840955521,47.3874110152765,51.8767194748,28.8670112309,55.6454061150159,70.3071708679,30.6822102751,43.640228864775,1666.96621365,297.010465932,17.8174256622553
"39",39,"Urubamba",7.2120175594,12.2444614151,169.778585732099,6.02513647593,7.69878373549,127.7777485414,5.89164884823,7.81434229601,132.634216622697,3.41194709846,5.1136331206,149.874337820421,2.02504139636,3.19982160746,158.012651653031,1.27567949379,2.18240547938,171.077883590975,0.820726647787,1.52461367647,185.763881382547,0.537091051182,1.08196356314,201.448815942637,0.426211601705,0.947084521822,222.209934697535,1.08963743902,2.48263258597,227.840242732742,1.57662996054,3.42950446391,217.521203436689,3.36403446905,6.31826399725,187.818051669199,33.6558030764,52.7578295215,156.757006813172
"41",41,"Xingu1",34.3938539823,20.8203036397,60.5349538624392,120.171160889,30.0359908055,24.9943418897681,188.907140605,22.5031017765,11.9122557805019,200.272672526,21.4391829463,10.7049966807212,159.32470754,26.0691407285,16.3622711951033,97.5641436259,13.9904803233,14.339776687781,54.6021942139,8.38893484129,15.363732102829,30.7844136556,4.45911886728,14.4849887906468,18.5920180639,2.69197491792,14.4791969794123,11.2292175929,1.62590123674,14.4792032328951,6.78222908974,0.982012243397,14.479196004785,4.5851545016,1.63709216727,35.7041876494834,927.208955892,111.326580432,12.0066334265399
"42",42,"Xingu3",103.951384481,26.0814929364,25.0900871273794,116.42701416,13.7178466476,11.7823571673394,115.867694092,15.4737509225,13.3546723646832,116.778957113,18.1143434186,15.5116502719508,58.0632926941,15.4676606126,26.6393101302223,33.8773789724,9.61093218678,28.3697631821224,19.4734458288,4.71450525821,24.209917955237,11.7150788625,2.7850194504,23.7729466705927,7.07567853928,1.68209662301,23.7729373044859,4.27357295354,1.01595473065,23.7729586389402,10.1273185253,9.23399183746,91.179040279929,29.5542258183,15.7728490309,53.3691835741928,627.18507487,73.2357948502,11.6769033232144
"43",43,"Xingu4",150.913661412,22.5195238076,14.9221240786948,114.994076593,15.4860321015,13.4668085177204,112.626067025,14.4622520758,12.8409456689895,93.8687422616,11.6356073596,12.3956144284676,41.6411571503,4.38670848003,10.5345499026278,24.2328607014,2.76019866977,11.3903129464634,14.6351503645,1.66813736943,11.3981566836262,8.83934666429,1.00752190296,11.3981489947699,6.19479061876,4.59411813339,74.1609913251531,7.56603051083,9.31550962778,123.122813401899,47.93482978,16.1221750925,33.6335294534137,70.6625991549,13.3034101502,18.8266640476067,694.109307425,99.534391139,14.3398727079819
"44",44,"Xingu6",120.732856206,33.4871876448,27.7365985508225,97.1182706924,22.5177086129,23.185862405046,96.0240527562,19.1514404881,19.9444201097453,63.7654893058,23.2904797263,36.5252113327413,29.5383961541,9.03644765783,30.5922082251433,17.6341640155,5.28387042521,29.9638271514635,10.6506923607,3.19135472292,29.9638240861766,6.43281069256,1.92751583292,29.9638202496664,3.88529284227,1.16418220999,29.9638214480075,3.13842021851,3.86553793678,123.168271539342,20.3130903755,21.1362205767,104.05221552203,60.372484525,19.573649639,32.421474439891,529.606018066,146.667203257,27.6936436244805
"35",35,"Yacuma",176.388448079,37.1186956968,21.0437225912751,135.778200785,7.76508848715,5.71895079052177,180.036432902,57.7767707964,32.0917104749847,77.4002304077,13.1734912535,17.019963873634,42.2361755371,9.02309238908,21.3634219347208,25.3434712092,5.47721462526,21.6119353976724,15.3069636027,3.30813359229,21.6119517766834,9.24510820707,1.9980488754,21.6119577039892,5.58386524518,1.20678137833,21.6119359143148,5.00292265415,3.40714089089,68.1030095091261,8.94389033318,12.0283755799,134.487064709159,66.4242941538,19.3671632388,29.1567467679174,747.690022786,120.734201399,16.147627722666
